<?xml version="1.0" encoding="UTF-8" standalone="yes"?>
<addon id="repository.thanh51" name="thanh51 Repository" version="1.0.0" provider-name="thanh51">
	<extension point="xbmc.addon.repository" name="thanh51 Addon Repository">
		<info compressed="false">https://github.com/thanh51/repository.thanh51/raw/master/addons.xml</info>
		<checksum>https://github.com/thanh51/repository.thanh51/raw/master/addons.xml.md5</checksum>
		<datadir zip="true">https://github.com/thanh51/repository.thanh51/raw/master/zips</datadir>
	</extension>
	<extension point="xbmc.addon.metadata">
		<summary>Kodi Repo</summary>
		<description>Repo for Kodi</description>
		<platform>all</platform>
	</extension>
</addon>