<?xml version="1.0" encoding="UTF-8" standalone="yes"?>
<addon id="plugin.video.AznKodiMovies" name="*AznKodiMovies" version="1.0.0" provider-name="AznKodi">
    <requires>
    </requires>
    <extension point="xbmc.python.pluginsource"
               library="default.py">
        <provides>video</provides>
    </extension>
    <extension point="xbmc.addon.metadata">
        <summary>Movies</summary>
        <description>Watch internet movies</description>
		<disclaimer>
[COLOR lime]The streaming media are found via website(s).
[COLOR red]These streams do not represent my views or opinions in any way.[/COLOR]		
		</disclaimer>	
		<platform>all</platform>
		<license>http://www.gnu.org/licenses/</license>
		<forum></forum>
		<website></website>    
		<email></email>
		<mainsource>https://github.com/AznKodi/repository.AznKodi</mainsource>    
		<source></source> 		
    </extension>
</addon>