<?xml version="1.0" encoding="utf-8" standalone="yes"?>
<stream>
<title>Paris By Night 83 - Tập 1</title>
<link>http://server3.dangcaphd.com/p4R4cDQnzcUagcNa/ThuyNga/Thuy.Nga.83.Nhung.Khuc.Hat.An.Tinh.Disk01.mp4</link>
<thumbnail>http://media.dangcaphd.com/public/04bc9a38a502fb5970119f40d07dbe4c_thumb.jpg</thumbnail>
<title>Paris By Night 83 - Tập 2</title>
<link>http://server3.dangcaphd.com/p4R4cDQnzcUagcNa/ThuyNga/Thuy.Nga.83.Nhung.Khuc.Hat.An.Tinh.Disk02.mp4</link>
<thumbnail>http://media.dangcaphd.com/public/04bc9a38a502fb5970119f40d07dbe4c_thumb.jpg</thumbnail>
<title>Paris By Night 84 - Tập 1</title>
<link>http://server3.dangcaphd.com/p4R4cDQnzcUagcNa/ThuyNga/Thuy.Nga.84.Am.Nhac.Va.Thoi.Trang.Disk1.mp4</link>
<thumbnail>http://media.dangcaphd.com/public/be6be335d59c63562ca49cbd27a17c1c_thumb.jpg</thumbnail>
<title>Paris By Night 84 - Tập 2</title>
<link>http://server3.dangcaphd.com/p4R4cDQnzcUagcNa/ThuyNga/Thuy.Nga.84.Am.Nhac.Va.Thoi.Trang.Disk2.mp4</link>
<thumbnail>http://media.dangcaphd.com/public/be6be335d59c63562ca49cbd27a17c1c_thumb.jpg</thumbnail>
<title>Paris By Night 85 - Tập 1</title>
<link>http://server3.dangcaphd.com/p4R4cDQnzcUagcNa/ThuyNga/Thuy.Nga.85.Xuan.Trong.Ky.Niem.Disk1.mp4</link>
<thumbnail>http://media.dangcaphd.com/public/e6b0e86a8290d1e921d4a219f54c3873_thumb.jpg</thumbnail>
<title>Paris By Night 85 - Tập 2</title>
<link>http://server3.dangcaphd.com/p4R4cDQnzcUagcNa/ThuyNga/Thuy.Nga.85.Xuan.Trong.Ky.Niem.Disk2.mp4</link>
<thumbnail>http://media.dangcaphd.com/public/e6b0e86a8290d1e921d4a219f54c3873_thumb.jpg</thumbnail>
<title>Paris By Night 86 - Tập 1</title>
<link>http://server3.dangcaphd.com/p4R4cDQnzcUagcNa/ThuyNga/Thuy.Nga.86.Talent.Show.Giai.Ban.Ket.Disk01.mp4</link>
<thumbnail>http://media.dangcaphd.com/public/285ba808de4c57abac493ec9042b0ffb_thumb.jpg</thumbnail>
<title>Paris By Night 86 - Tập 2</title>
<link>http://server3.dangcaphd.com/p4R4cDQnzcUagcNa/ThuyNga/Thuy.Nga.86.Talent.Show.Giai.Ban.Ket.Disk02.mp4</link>
<thumbnail>http://media.dangcaphd.com/public/285ba808de4c57abac493ec9042b0ffb_thumb.jpg</thumbnail>
<title>Paris By Night 87 - Tập 1</title>
<link>http://server3.dangcaphd.com/p4R4cDQnzcUagcNa/ThuyNga/Thuy.Nga.87.Talent.Show.Giai.Chung.Ket.Disk01.mp4</link>
<thumbnail>http://media.dangcaphd.com/public/02313ab5f3e561bf027d9447994c1fd5_thumb.jpg</thumbnail>
<title>Paris By Night 87 - Tập 2</title>
<link>http://server3.dangcaphd.com/p4R4cDQnzcUagcNa/ThuyNga/Thuy.Nga.87.Talent.Show.Giai.Chung.Ket.Disk02.mp4</link>
<thumbnail>http://media.dangcaphd.com/public/02313ab5f3e561bf027d9447994c1fd5_thumb.jpg</thumbnail>
<title>Paris By Night 89 - Tập 1</title>
<link>http://server3.dangcaphd.com/p4R4cDQnzcUagcNa/ThuyNga/Thuy.Nga.89.In.Korea.Disk1.mp4</link>
<thumbnail>http://media.dangcaphd.com/public/16cf36269c0d67986a31d03e0ce44cf6_thumb.jpg</thumbnail>
<title>Paris By Night 89 - Tập 2</title>
<link>http://server3.dangcaphd.com/p4R4cDQnzcUagcNa/ThuyNga/Thuy.Nga.89.In.Korea.Disk2.mp4</link>
<thumbnail>http://media.dangcaphd.com/public/16cf36269c0d67986a31d03e0ce44cf6_thumb.jpg</thumbnail>
<title>Paris By Night 90 - Tập 1</title>
<link>http://server3.dangcaphd.com/p4R4cDQnzcUagcNa/ThuyNga/Thuy.Nga.90.Chan.Dung.Nguoi.Phu.Nu.Viet.Nam.Disk01.mp4</link>
<thumbnail>http://media.dangcaphd.com/public/4ec8607d45211d8456ccac1155933a1f_thumb.jpg</thumbnail>
<title>Paris By Night 90 - Tập 2</title>
<link>http://server3.dangcaphd.com/p4R4cDQnzcUagcNa/ThuyNga/Thuy.Nga.90.Chan.Dung.Nguoi.Phu.Nu.Viet.Nam.Disk02.mp4</link>
<thumbnail>http://media.dangcaphd.com/public/4ec8607d45211d8456ccac1155933a1f_thumb.jpg</thumbnail>
<title>Paris By Night 81: Âm Nhạc Không Biên Giới 2 - Tập 1</title>
<link>http://server3.dangcaphd.com/p4R4cDQnzcUagcNa/ThuyNga/Thuy.Nga.81.Am.Nhac.Khong.Bien.Gioi.2.Disk01.mp4</link>
<thumbnail>http://media.dangcaphd.com/public/65c649a7c9cf56d7c9e8e2f8f4247d8d_thumb.jpg</thumbnail>
<title>Paris By Night 81: Âm Nhạc Không Biên Giới 2 - Tập 2</title>
<link>http://server3.dangcaphd.com/p4R4cDQnzcUagcNa/ThuyNga/Thuy.Nga.81.Am.Nhac.Khong.Bien.Gioi.2.Disk02.mp4</link>
<thumbnail>http://media.dangcaphd.com/public/65c649a7c9cf56d7c9e8e2f8f4247d8d_thumb.jpg</thumbnail>
<title>Vân Sơn 33 - Tập 1</title>
<link>http://server3.dangcaphd.com/p4R4cDQnzcUagcNa/Vanson/VanSon33-MaunhuombenThuongHai(InShanghai)D1DVD9.mp4</link>
<thumbnail>http://media.dangcaphd.com/public/d35223ecf6ab6c4d66259bdee928d07b_thumb.jpg</thumbnail>
<title>Vân Sơn 33 - Tập 2</title>
<link>http://server3.dangcaphd.com/p4R4cDQnzcUagcNa/Vanson/VanSon33-MaunhuombenThuongHai(InShanghai)D2DVD9.mp4</link>
<thumbnail>http://media.dangcaphd.com/public/d35223ecf6ab6c4d66259bdee928d07b_thumb.jpg</thumbnail>
<title>Vân Sơn 32 - Tập 1</title>
<link>http://server3.dangcaphd.com/p4R4cDQnzcUagcNa/Vanson/VanSon32-DownUnderD1DVD9.mp4</link>
<thumbnail>http://media.dangcaphd.com/public/d4e1e44674a5f89f14295c6096d2562e_thumb.jpg</thumbnail>
<title>Vân Sơn 32 - Tập 2</title>
<link>http://server3.dangcaphd.com/p4R4cDQnzcUagcNa/Vanson/VanSon32-DownUnderD2DVD9.mp4</link>
<thumbnail>http://media.dangcaphd.com/public/d4e1e44674a5f89f14295c6096d2562e_thumb.jpg</thumbnail>
<title>Vân Sơn 31 - Tập 1</title>
<link>http://server3.dangcaphd.com/p4R4cDQnzcUagcNa/Vanson/VanSon31-InPhilippinesVaNguoiVietConLaiDVD5Disc01.mp4</link>
<thumbnail>http://media.dangcaphd.com/public/3875221d2647260594f22de891fbb792_thumb.jpg</thumbnail>
<title>Vân Sơn 31 - Tập 2</title>
<link>http://server3.dangcaphd.com/p4R4cDQnzcUagcNa/Vanson/VanSon31-InPhilippinesVaNguoiVietConLaiDVD5Disc02.mp4</link>
<thumbnail>http://media.dangcaphd.com/public/3875221d2647260594f22de891fbb792_thumb.jpg</thumbnail>
<title>Vân sơn 47 - Tập 1</title>
<link>http://server3.dangcaphd.com/p4R4cDQnzcUagcNa/Vanson/Van.Son.47.DVD9.Disc1.mp4</link>
<thumbnail>http://media.dangcaphd.com/public/c9215208352586e388ffffc58d0dd1d5_thumb.jpg</thumbnail>
<title>Vân sơn 47 - Tập 2</title>
<link>http://server3.dangcaphd.com/p4R4cDQnzcUagcNa/Vanson/Van.Son.47.DVD9.Disc2.mp4</link>
<thumbnail>http://media.dangcaphd.com/public/c9215208352586e388ffffc58d0dd1d5_thumb.jpg</thumbnail>
<title>Vân sơn 47 - Tập 3</title>
<link>http://server3.dangcaphd.com/p4R4cDQnzcUagcNa/Vanson/Van.Son.47.DVD9.Disc3.Phong.Su.mp4</link>
<thumbnail>http://media.dangcaphd.com/public/c9215208352586e388ffffc58d0dd1d5_thumb.jpg</thumbnail>
<title>Paris By Night 101 - Tập 1</title>
<link>http://server3.dangcaphd.com/p4R4cDQnzcUagcNa/ThuyNga/Thuy.Nga.101_HanhPhucDauNam.mp4</link>
<thumbnail>http://media.dangcaphd.com/public/25caefadc66a606478f9f241a4c012f0_thumb.jpg</thumbnail>
<title>Paris By Night 101 - Tập 2</title>
<link>http://server3.dangcaphd.com/p4R4cDQnzcUagcNa/ThuyNga/Thuy.Nga.101_HanhPhucDauNam_001.mp4</link>
<thumbnail>http://media.dangcaphd.com/public/25caefadc66a606478f9f241a4c012f0_thumb.jpg</thumbnail>
<title>Paris By Night 101 - Tập 3</title>
<link>http://server3.dangcaphd.com/p4R4cDQnzcUagcNa/ThuyNga/Thuy.Nga.101_HanhPhucDauNam_002.mp4</link>
<thumbnail>http://media.dangcaphd.com/public/25caefadc66a606478f9f241a4c012f0_thumb.jpg</thumbnail>
<title>Paris By Night 96 - Tập 1</title>
<link>http://server3.dangcaphd.com/p4R4cDQnzcUagcNa/ThuyNga/Thuy.Nga.96.Nhac.Yeu.Cau.2.Disk01.mp4</link>
<thumbnail>http://media.dangcaphd.com/public/057777a751ec31491c55131c7dc1c398_thumb.jpg</thumbnail>
<title>Paris By Night 96 - Tập 2</title>
<link>http://server3.dangcaphd.com/p4R4cDQnzcUagcNa/ThuyNga/Thuy.Nga.96.Nhac.Yeu.Cau.2.Disk01.mp4</link>
<thumbnail>http://media.dangcaphd.com/public/057777a751ec31491c55131c7dc1c398_thumb.jpg</thumbnail>
<title>Paris By Night 102 - Tập 1</title>
<link>http://server3.dangcaphd.com/p4R4cDQnzcUagcNa/ThuyNga/Thuy.Nga.102_Nhacyeucau-tinhcalamphuong.mp4</link>
<thumbnail>http://media.dangcaphd.com/public/8bd1ee6ed4db23a0dec334264bb8728f_thumb.jpg</thumbnail>
<title>Paris By Night 102 - Tập 2</title>
<link>http://server3.dangcaphd.com/p4R4cDQnzcUagcNa/ThuyNga/Thuy.Nga.102_Nhacyeucau-tinhcalamphuong_001.mp4</link>
<thumbnail>http://media.dangcaphd.com/public/8bd1ee6ed4db23a0dec334264bb8728f_thumb.jpg</thumbnail>
<title>Paris By Night 102 - Tập 3</title>
<link>http://server3.dangcaphd.com/p4R4cDQnzcUagcNa/ThuyNga/Thuy.Nga.102_Nhacyeucau-tinhcalamphuong_002.mp4</link>
<thumbnail>http://media.dangcaphd.com/public/8bd1ee6ed4db23a0dec334264bb8728f_thumb.jpg</thumbnail>
<title>Paris By Night 103 - Tập 1</title>
<link>http://server3.dangcaphd.com/p4R4cDQnzcUagcNa/ThuyNga/Thuy.Nga.103_TinhsutrongamnhacViet.mp4</link>
<thumbnail>http://media.dangcaphd.com/public/70411d5de6c7597deb47d0ee74bdab95_thumb.png</thumbnail>
<title>Paris By Night 103 - Tập 2</title>
<link>http://server3.dangcaphd.com/p4R4cDQnzcUagcNa/ThuyNga/Thuy.Nga.103_TinhsutrongamnhacViet_001.mp4</link>
<thumbnail>http://media.dangcaphd.com/public/70411d5de6c7597deb47d0ee74bdab95_thumb.png</thumbnail>
<title>Paris By Night 103 - Tập 3</title>
<link>http://server3.dangcaphd.com/p4R4cDQnzcUagcNa/ThuyNga/Thuy.Nga.103_TinhsutrongamnhacViet_002.mp4</link>
<thumbnail>http://media.dangcaphd.com/public/70411d5de6c7597deb47d0ee74bdab95_thumb.png</thumbnail>
<title>Paris By Night 95 - Tập 1</title>
<link>http://server3.dangcaphd.com/p4R4cDQnzcUagcNa/ThuyNga/Thuy.Nga.95.25th.Anniversary.Disc1.mp4</link>
<thumbnail>http://media.dangcaphd.com/public/9be9af3dcd660119a41978172da64008_thumb.jpg</thumbnail>
<title>Paris By Night 95 - Tập 2</title>
<link>http://server3.dangcaphd.com/p4R4cDQnzcUagcNa/ThuyNga/Thuy.Nga.95.25th.Anniversary.Disc2.mp4</link>
<thumbnail>http://media.dangcaphd.com/public/9be9af3dcd660119a41978172da64008_thumb.jpg</thumbnail>
<title>Paris By Night 95 - Tập 3</title>
<link>http://server3.dangcaphd.com/p4R4cDQnzcUagcNa/ThuyNga/Thuy.Nga.95.Cam.On.Cuoc.Doi.Disk1.mp4</link>
<thumbnail>http://media.dangcaphd.com/public/9be9af3dcd660119a41978172da64008_thumb.jpg</thumbnail>
<title>Paris By Night 95 - Tập 4</title>
<link>http://server3.dangcaphd.com/p4R4cDQnzcUagcNa/ThuyNga/Thuy.Nga.95.Cam.On.Cuoc.Doi.Disk2.mp4</link>
<thumbnail>http://media.dangcaphd.com/public/9be9af3dcd660119a41978172da64008_thumb.jpg</thumbnail>
<title>Paris By Night 93 - Tập 1</title>
<link>http://server3.dangcaphd.com/p4R4cDQnzcUagcNa/ThuyNga/Thuy.Nga.94.25th.Anniversary.Disc1.mp4</link>
<thumbnail>http://media.dangcaphd.com/public/6ead6be73772bd5ce388ce427108aabb_thumb.jpg</thumbnail>
<title>Paris By Night 93 - Tập 2</title>
<link>http://server3.dangcaphd.com/p4R4cDQnzcUagcNa/ThuyNga/Thuy.Nga.94.25th.Anniversary.Disc2.mp4</link>
<thumbnail>http://media.dangcaphd.com/public/6ead6be73772bd5ce388ce427108aabb_thumb.jpg</thumbnail>
<title>Paris By Night 93 - Tập 1</title>
<link>http://server3.dangcaphd.com/p4R4cDQnzcUagcNa/ThuyNga/Thuy.Nga.93.Celebrity.Dancing.disc1.mp4</link>
<thumbnail>http://media.dangcaphd.com/public/ff8cc2602087e0724a6272151f9ef197_thumb.jpg</thumbnail>
<title>Paris By Night 93 - Tập 2</title>
<link>http://server3.dangcaphd.com/p4R4cDQnzcUagcNa/ThuyNga/Thuy.Nga.93.Celebrity.Dancing.disc2.mp4</link>
<thumbnail>http://media.dangcaphd.com/public/ff8cc2602087e0724a6272151f9ef197_thumb.jpg</thumbnail>
<title>Paris By Night 92 - Tập 1</title>
<link>http://server3.dangcaphd.com/p4R4cDQnzcUagcNa/ThuyNga/Thuy.Nga.92.Nhac.Yeu.Cau.Disk1.mp4</link>
<thumbnail>http://media.dangcaphd.com/public/8541e18dd0cc4054902ee55a5956ed77_thumb.jpg</thumbnail>
<title>Paris By Night 92 - Tập 2</title>
<link>http://server3.dangcaphd.com/p4R4cDQnzcUagcNa/ThuyNga/Thuy.Nga.92.Nhac.Yeu.Cau.Disk2.mp4</link>
<thumbnail>http://media.dangcaphd.com/public/8541e18dd0cc4054902ee55a5956ed77_thumb.jpg</thumbnail>
<title>Paris By Night 91 - Tập 1</title>
<link>http://server3.dangcaphd.com/p4R4cDQnzcUagcNa/ThuyNga/Thuy.Nga.91.Hue.Saigon.Hanoi.Disk01.mp4</link>
<thumbnail>http://media.dangcaphd.com/public/7b6a103f614145e71b44e5b02bd9dfd9_thumb.jpg</thumbnail>
<title>Paris By Night 91 - Tập 2</title>
<link>http://server3.dangcaphd.com/p4R4cDQnzcUagcNa/ThuyNga/Thuy.Nga.91.Hue.Saigon.Hanoi.Disk02.mp4</link>
<thumbnail>http://media.dangcaphd.com/public/7b6a103f614145e71b44e5b02bd9dfd9_thumb.jpg</thumbnail>
<title>Sleepy Hollow Season 2 - Kỵ Sĩ Không Đầu Phần 2 - 2014 (09/10 Tập) - Tập 1</title>
<link>http://server3.dangcaphd.com/p4R4cDQnzcUagcNa/phimbo0710/Sleepy.Hollow.S02/Sleepy.Hollow.S02E01.mp4</link>
<thumbnail>http://media.dangcaphd.com/public/a01d07ee1f54a8219e946c1db99c39a7_thumb.jpg</thumbnail>
<title>Sleepy Hollow Season 2 - Kỵ Sĩ Không Đầu Phần 2 - 2014 (09/10 Tập) - Tập 2</title>
<link>http://server3.dangcaphd.com/p4R4cDQnzcUagcNa/phimbo0710/Sleepy.Hollow.S02/Sleepy.Hollow.S02E02.mp4</link>
<thumbnail>http://media.dangcaphd.com/public/a01d07ee1f54a8219e946c1db99c39a7_thumb.jpg</thumbnail>
<title>Sleepy Hollow Season 2 - Kỵ Sĩ Không Đầu Phần 2 - 2014 (09/10 Tập) - Tập 3</title>
<link>http://server3.dangcaphd.com/p4R4cDQnzcUagcNa/phimbo0710/Sleepy.Hollow.S02/Sleepy.Hollow.S02E03.mp4</link>
<thumbnail>http://media.dangcaphd.com/public/a01d07ee1f54a8219e946c1db99c39a7_thumb.jpg</thumbnail>
<title>Sleepy Hollow Season 2 - Kỵ Sĩ Không Đầu Phần 2 - 2014 (09/10 Tập) - Tập 4</title>
<link>http://server3.dangcaphd.com/p4R4cDQnzcUagcNa/phimbo0710/Sleepy.Hollow.S02/Sleepy.Hollow.S02E04.mp4</link>
<thumbnail>http://media.dangcaphd.com/public/a01d07ee1f54a8219e946c1db99c39a7_thumb.jpg</thumbnail>
<title>Sleepy Hollow Season 2 - Kỵ Sĩ Không Đầu Phần 2 - 2014 (09/10 Tập) - Tập 5</title>
<link>http://server3.dangcaphd.com/p4R4cDQnzcUagcNa/phimbo0710/Sleepy.Hollow.S02/Sleepy.Hollow.S02E05.mp4</link>
<thumbnail>http://media.dangcaphd.com/public/a01d07ee1f54a8219e946c1db99c39a7_thumb.jpg</thumbnail>
<title>Sleepy Hollow Season 2 - Kỵ Sĩ Không Đầu Phần 2 - 2014 (09/10 Tập) - Tập 6</title>
<link>http://server3.dangcaphd.com/p4R4cDQnzcUagcNa/phimbo0710/Sleepy.Hollow.S02/Sleepy.Hollow.S02E06.mp4</link>
<thumbnail>http://media.dangcaphd.com/public/a01d07ee1f54a8219e946c1db99c39a7_thumb.jpg</thumbnail>
<title>Sleepy Hollow Season 2 - Kỵ Sĩ Không Đầu Phần 2 - 2014 (09/10 Tập) - Tập 7</title>
<link>http://server3.dangcaphd.com/p4R4cDQnzcUagcNa/phimbo0710/Sleepy.Hollow.S02/Sleepy.Hollow.S02E07.mp4</link>
<thumbnail>http://media.dangcaphd.com/public/a01d07ee1f54a8219e946c1db99c39a7_thumb.jpg</thumbnail>
<title>Sleepy Hollow Season 2 - Kỵ Sĩ Không Đầu Phần 2 - 2014 (09/10 Tập) - Tập 8</title>
<link>http://server3.dangcaphd.com/p4R4cDQnzcUagcNa/phimbo0710/Sleepy.Hollow.S02/Sleepy.Hollow.S02E08.mp4</link>
<thumbnail>http://media.dangcaphd.com/public/a01d07ee1f54a8219e946c1db99c39a7_thumb.jpg</thumbnail>
<title>Sleepy Hollow Season 2 - Kỵ Sĩ Không Đầu Phần 2 - 2014 (09/10 Tập) - Tập 9</title>
<link>http://server3.dangcaphd.com/p4R4cDQnzcUagcNa/phimbo0710/Sleepy.Hollow.S02/Sleepy.Hollow.S02E09.mp4</link>
<thumbnail>http://media.dangcaphd.com/public/a01d07ee1f54a8219e946c1db99c39a7_thumb.jpg</thumbnail>
<title>Sleepy Hollow Season 2 - Kỵ Sĩ Không Đầu Phần 2 - 2014 (09/10 Tập) - Tập 10</title>
<link>http://server3.dangcaphd.com/p4R4cDQnzcUagcNa/phimbo0710/Sleepy.Hollow.S02/Sleepy.Hollow.S02E10.mp4</link>
<thumbnail>http://media.dangcaphd.com/public/a01d07ee1f54a8219e946c1db99c39a7_thumb.jpg</thumbnail>
<title>Scorpion Season 1 - Thiên Tài Lập Dị Phần 1 - 2014 (Tập  22/22) - Tập 1</title>
<link>http://server3.dangcaphd.com/p4R4cDQnzcUagcNa/phimbo0710/Scorpion.S01/Scorpion.S01E01.mp4</link>
<thumbnail>http://media.dangcaphd.com/public/caca0d820d88a691e6a41e346c23a553_thumb.jpg</thumbnail>
<title>Scorpion Season 1 - Thiên Tài Lập Dị Phần 1 - 2014 (Tập  22/22) - Tập 2</title>
<link>http://server3.dangcaphd.com/p4R4cDQnzcUagcNa/phimbo0710/Scorpion.S01/Scorpion.S01E02.mp4</link>
<thumbnail>http://media.dangcaphd.com/public/caca0d820d88a691e6a41e346c23a553_thumb.jpg</thumbnail>
<title>Scorpion Season 1 - Thiên Tài Lập Dị Phần 1 - 2014 (Tập  22/22) - Tập 3</title>
<link>http://server3.dangcaphd.com/p4R4cDQnzcUagcNa/phimbo0710/Scorpion.S01/Scorpion.S01E03.mp4</link>
<thumbnail>http://media.dangcaphd.com/public/caca0d820d88a691e6a41e346c23a553_thumb.jpg</thumbnail>
<title>Scorpion Season 1 - Thiên Tài Lập Dị Phần 1 - 2014 (Tập  22/22) - Tập 4</title>
<link>http://server3.dangcaphd.com/p4R4cDQnzcUagcNa/phimbo0710/Scorpion.S01/Scorpion.S01E04.mp4</link>
<thumbnail>http://media.dangcaphd.com/public/caca0d820d88a691e6a41e346c23a553_thumb.jpg</thumbnail>
<title>Scorpion Season 1 - Thiên Tài Lập Dị Phần 1 - 2014 (Tập  22/22) - Tập 5</title>
<link>http://server3.dangcaphd.com/p4R4cDQnzcUagcNa/phimbo0710/Scorpion.S01/Scorpion.S01E05.mp4</link>
<thumbnail>http://media.dangcaphd.com/public/caca0d820d88a691e6a41e346c23a553_thumb.jpg</thumbnail>
<title>Scorpion Season 1 - Thiên Tài Lập Dị Phần 1 - 2014 (Tập  22/22) - Tập 6</title>
<link>http://server3.dangcaphd.com/p4R4cDQnzcUagcNa/phimbo0710/Scorpion.S01/Scorpion.S01E06.mp4</link>
<thumbnail>http://media.dangcaphd.com/public/caca0d820d88a691e6a41e346c23a553_thumb.jpg</thumbnail>
<title>Scorpion Season 1 - Thiên Tài Lập Dị Phần 1 - 2014 (Tập  22/22) - Tập 7</title>
<link>http://server3.dangcaphd.com/p4R4cDQnzcUagcNa/phimbo0710/Scorpion.S01/Scorpion.S01E07.mp4</link>
<thumbnail>http://media.dangcaphd.com/public/caca0d820d88a691e6a41e346c23a553_thumb.jpg</thumbnail>
<title>Scorpion Season 1 - Thiên Tài Lập Dị Phần 1 - 2014 (Tập  22/22) - Tập 8</title>
<link>http://server3.dangcaphd.com/p4R4cDQnzcUagcNa/phimbo0710/Scorpion.S01/Scorpion.S01E08.mp4</link>
<thumbnail>http://media.dangcaphd.com/public/caca0d820d88a691e6a41e346c23a553_thumb.jpg</thumbnail>
<title>Scorpion Season 1 - Thiên Tài Lập Dị Phần 1 - 2014 (Tập  22/22) - Tập 9</title>
<link>http://server3.dangcaphd.com/p4R4cDQnzcUagcNa/phimbo0710/Scorpion.S01/Scorpion.S01E09.mp4</link>
<thumbnail>http://media.dangcaphd.com/public/caca0d820d88a691e6a41e346c23a553_thumb.jpg</thumbnail>
<title>Scorpion Season 1 - Thiên Tài Lập Dị Phần 1 - 2014 (Tập  22/22) - Tập 10</title>
<link>http://server3.dangcaphd.com/p4R4cDQnzcUagcNa/phimbo0710/Scorpion.S01/Scorpion.S01E10.mp4</link>
<thumbnail>http://media.dangcaphd.com/public/caca0d820d88a691e6a41e346c23a553_thumb.jpg</thumbnail>
<title>Scorpion Season 1 - Thiên Tài Lập Dị Phần 1 - 2014 (Tập  22/22) - Tập 11</title>
<link>http://server3.dangcaphd.com/p4R4cDQnzcUagcNa/phimbo0710/Scorpion.S01/Scorpion.S01E11.mp4</link>
<thumbnail>http://media.dangcaphd.com/public/caca0d820d88a691e6a41e346c23a553_thumb.jpg</thumbnail>
<title>Scorpion Season 1 - Thiên Tài Lập Dị Phần 1 - 2014 (Tập  22/22) - Tập 12</title>
<link>http://server3.dangcaphd.com/p4R4cDQnzcUagcNa/phimbo0710/Scorpion.S01/Scorpion.S01E12.mp4</link>
<thumbnail>http://media.dangcaphd.com/public/caca0d820d88a691e6a41e346c23a553_thumb.jpg</thumbnail>
<title>Scorpion Season 1 - Thiên Tài Lập Dị Phần 1 - 2014 (Tập  22/22) - Tập 13</title>
<link>http://server3.dangcaphd.com/p4R4cDQnzcUagcNa/phimbo0710/Scorpion.S01/Scorpion.S01E13.mp4</link>
<thumbnail>http://media.dangcaphd.com/public/caca0d820d88a691e6a41e346c23a553_thumb.jpg</thumbnail>
<title>Scorpion Season 1 - Thiên Tài Lập Dị Phần 1 - 2014 (Tập  22/22) - Tập 14</title>
<link>http://server3.dangcaphd.com/p4R4cDQnzcUagcNa/phimbo0710/Scorpion.S01/Scorpion.S01E14.mp4</link>
<thumbnail>http://media.dangcaphd.com/public/caca0d820d88a691e6a41e346c23a553_thumb.jpg</thumbnail>
<title>Scorpion Season 1 - Thiên Tài Lập Dị Phần 1 - 2014 (Tập  22/22) - Tập 15</title>
<link>http://server3.dangcaphd.com/p4R4cDQnzcUagcNa/phimbo0710/Scorpion.S01/Scorpion.S01E15.mp4</link>
<thumbnail>http://media.dangcaphd.com/public/caca0d820d88a691e6a41e346c23a553_thumb.jpg</thumbnail>
<title>Scorpion Season 1 - Thiên Tài Lập Dị Phần 1 - 2014 (Tập  22/22) - Tập 16</title>
<link>http://server3.dangcaphd.com/p4R4cDQnzcUagcNa/phimbo0710/Scorpion.S01/Scorpion.S01E16.mp4</link>
<thumbnail>http://media.dangcaphd.com/public/caca0d820d88a691e6a41e346c23a553_thumb.jpg</thumbnail>
<title>Scorpion Season 1 - Thiên Tài Lập Dị Phần 1 - 2014 (Tập  22/22) - Tập 17</title>
<link>http://server3.dangcaphd.com/p4R4cDQnzcUagcNa/phimbo0710/Scorpion.S01/Scorpion.S01E17.mp4</link>
<thumbnail>http://media.dangcaphd.com/public/caca0d820d88a691e6a41e346c23a553_thumb.jpg</thumbnail>
<title>Scorpion Season 1 - Thiên Tài Lập Dị Phần 1 - 2014 (Tập  22/22) - Tập 18</title>
<link>http://server3.dangcaphd.com/p4R4cDQnzcUagcNa/phimbo0710/Scorpion.S01/Scorpion.S01E18.mp4</link>
<thumbnail>http://media.dangcaphd.com/public/caca0d820d88a691e6a41e346c23a553_thumb.jpg</thumbnail>
<title>Scorpion Season 1 - Thiên Tài Lập Dị Phần 1 - 2014 (Tập  22/22) - Tập 19</title>
<link>http://server3.dangcaphd.com/p4R4cDQnzcUagcNa/phimbo0710/Scorpion.S01/Scorpion.S01E19.mp4</link>
<thumbnail>http://media.dangcaphd.com/public/caca0d820d88a691e6a41e346c23a553_thumb.jpg</thumbnail>
<title>Scorpion Season 1 - Thiên Tài Lập Dị Phần 1 - 2014 (Tập  22/22) - Tập 20</title>
<link>http://server3.dangcaphd.com/p4R4cDQnzcUagcNa/phimbo0710/Scorpion.S01/Scorpion.S01E20.mp4</link>
<thumbnail>http://media.dangcaphd.com/public/caca0d820d88a691e6a41e346c23a553_thumb.jpg</thumbnail>
<title>Scorpion Season 1 - Thiên Tài Lập Dị Phần 1 - 2014 (Tập  22/22) - Tập 21</title>
<link>http://server3.dangcaphd.com/p4R4cDQnzcUagcNa/phimbo0710/Scorpion.S01/Scorpion.S01E21.mp4</link>
<thumbnail>http://media.dangcaphd.com/public/caca0d820d88a691e6a41e346c23a553_thumb.jpg</thumbnail>
<title>Scorpion Season 1 - Thiên Tài Lập Dị Phần 1 - 2014 (Tập  22/22) - Tập 22</title>
<link>http://server3.dangcaphd.com/p4R4cDQnzcUagcNa/phimbo0710/Scorpion.S01/Scorpion.S01E22.mp4</link>
<thumbnail>http://media.dangcaphd.com/public/caca0d820d88a691e6a41e346c23a553_thumb.jpg</thumbnail>
<title>Revenge Season 4 - Báo Thù Phần 4 - 2014 (Tập 22/22) - Tập 1</title>
<link>http://server3.dangcaphd.com/p4R4cDQnzcUagcNa/phimbo0710/Revenge.S04/Revenge.S04E01.mp4</link>
<thumbnail>http://media.dangcaphd.com/public/9d8c760ca90aed4c8bd4c6c97a948e74_thumb.jpg</thumbnail>
<title>Revenge Season 4 - Báo Thù Phần 4 - 2014 (Tập 22/22) - Tập 2</title>
<link>http://server3.dangcaphd.com/p4R4cDQnzcUagcNa/phimbo0710/Revenge.S04/Revenge.S04.E02.mp4</link>
<thumbnail>http://media.dangcaphd.com/public/9d8c760ca90aed4c8bd4c6c97a948e74_thumb.jpg</thumbnail>
<title>Revenge Season 4 - Báo Thù Phần 4 - 2014 (Tập 22/22) - Tập 3</title>
<link>http://server3.dangcaphd.com/p4R4cDQnzcUagcNa/phimbo0710/Revenge.S04/Revenge.S04.E03.mp4</link>
<thumbnail>http://media.dangcaphd.com/public/9d8c760ca90aed4c8bd4c6c97a948e74_thumb.jpg</thumbnail>
<title>Revenge Season 4 - Báo Thù Phần 4 - 2014 (Tập 22/22) - Tập 4</title>
<link>http://server3.dangcaphd.com/p4R4cDQnzcUagcNa/phimbo0710/Revenge.S04/Revenge.S04.E04.mp4</link>
<thumbnail>http://media.dangcaphd.com/public/9d8c760ca90aed4c8bd4c6c97a948e74_thumb.jpg</thumbnail>
<title>Revenge Season 4 - Báo Thù Phần 4 - 2014 (Tập 22/22) - Tập 5</title>
<link>http://server3.dangcaphd.com/p4R4cDQnzcUagcNa/phimbo0710/Revenge.S04/Revenge.S04.E05.mp4</link>
<thumbnail>http://media.dangcaphd.com/public/9d8c760ca90aed4c8bd4c6c97a948e74_thumb.jpg</thumbnail>
<title>Revenge Season 4 - Báo Thù Phần 4 - 2014 (Tập 22/22) - Tập 6</title>
<link>http://server3.dangcaphd.com/p4R4cDQnzcUagcNa/phimbo0710/Revenge.S04/Revenge.S04.E06.mp4</link>
<thumbnail>http://media.dangcaphd.com/public/9d8c760ca90aed4c8bd4c6c97a948e74_thumb.jpg</thumbnail>
<title>Revenge Season 4 - Báo Thù Phần 4 - 2014 (Tập 22/22) - Tập 7</title>
<link>http://server3.dangcaphd.com/p4R4cDQnzcUagcNa/phimbo0710/Revenge.S04/Revenge.S04.E07.mp4</link>
<thumbnail>http://media.dangcaphd.com/public/9d8c760ca90aed4c8bd4c6c97a948e74_thumb.jpg</thumbnail>
<title>Revenge Season 4 - Báo Thù Phần 4 - 2014 (Tập 22/22) - Tập 8</title>
<link>http://server3.dangcaphd.com/p4R4cDQnzcUagcNa/phimbo0710/Revenge.S04/Revenge.S04.E08.mp4</link>
<thumbnail>http://media.dangcaphd.com/public/9d8c760ca90aed4c8bd4c6c97a948e74_thumb.jpg</thumbnail>
<title>Revenge Season 4 - Báo Thù Phần 4 - 2014 (Tập 22/22) - Tập 9</title>
<link>http://server3.dangcaphd.com/p4R4cDQnzcUagcNa/phimbo0710/Revenge.S04/Revenge.S04.E09.mp4</link>
<thumbnail>http://media.dangcaphd.com/public/9d8c760ca90aed4c8bd4c6c97a948e74_thumb.jpg</thumbnail>
<title>Revenge Season 4 - Báo Thù Phần 4 - 2014 (Tập 22/22) - Tập 10</title>
<link>http://server3.dangcaphd.com/p4R4cDQnzcUagcNa/phimbo0710/Revenge.S04/Revenge.S04.E10.mp4</link>
<thumbnail>http://media.dangcaphd.com/public/9d8c760ca90aed4c8bd4c6c97a948e74_thumb.jpg</thumbnail>
<title>Revenge Season 4 - Báo Thù Phần 4 - 2014 (Tập 22/22) - Tập 11</title>
<link>http://server3.dangcaphd.com/p4R4cDQnzcUagcNa/phimbo0710/Revenge.S04/Revenge.S04E11.Viet.mp4</link>
<thumbnail>http://media.dangcaphd.com/public/9d8c760ca90aed4c8bd4c6c97a948e74_thumb.jpg</thumbnail>
<title>Revenge Season 4 - Báo Thù Phần 4 - 2014 (Tập 22/22) - Tập 12</title>
<link>http://server3.dangcaphd.com/p4R4cDQnzcUagcNa/phimbo0710/Revenge.S04/Revenge.S04E12.mp4</link>
<thumbnail>http://media.dangcaphd.com/public/9d8c760ca90aed4c8bd4c6c97a948e74_thumb.jpg</thumbnail>
<title>Revenge Season 4 - Báo Thù Phần 4 - 2014 (Tập 22/22) - Tập 13</title>
<link>http://server3.dangcaphd.com/p4R4cDQnzcUagcNa/phimbo0710/Revenge.S04/Revenge.S04E13.mp4</link>
<thumbnail>http://media.dangcaphd.com/public/9d8c760ca90aed4c8bd4c6c97a948e74_thumb.jpg</thumbnail>
<title>Revenge Season 4 - Báo Thù Phần 4 - 2014 (Tập 22/22) - Tập 14</title>
<link>http://server3.dangcaphd.com/p4R4cDQnzcUagcNa/phimbo0710/Revenge.S04/Revenge.S04E14.mp4</link>
<thumbnail>http://media.dangcaphd.com/public/9d8c760ca90aed4c8bd4c6c97a948e74_thumb.jpg</thumbnail>
<title>Revenge Season 4 - Báo Thù Phần 4 - 2014 (Tập 22/22) - Tập 15</title>
<link>http://server3.dangcaphd.com/p4R4cDQnzcUagcNa/phimbo0710/Revenge.S04/Revenge.S04E15.mp4</link>
<thumbnail>http://media.dangcaphd.com/public/9d8c760ca90aed4c8bd4c6c97a948e74_thumb.jpg</thumbnail>
<title>Revenge Season 4 - Báo Thù Phần 4 - 2014 (Tập 22/22) - Tập 16</title>
<link>http://server3.dangcaphd.com/p4R4cDQnzcUagcNa/phimbo0710/Revenge.S04/Revenge.S04E16.mp4</link>
<thumbnail>http://media.dangcaphd.com/public/9d8c760ca90aed4c8bd4c6c97a948e74_thumb.jpg</thumbnail>
<title>Revenge Season 4 - Báo Thù Phần 4 - 2014 (Tập 22/22) - Tập 17</title>
<link>http://server3.dangcaphd.com/p4R4cDQnzcUagcNa/phimbo0710/Revenge.S04/Revenge.S04E17.mp4</link>
<thumbnail>http://media.dangcaphd.com/public/9d8c760ca90aed4c8bd4c6c97a948e74_thumb.jpg</thumbnail>
<title>Revenge Season 4 - Báo Thù Phần 4 - 2014 (Tập 22/22) - Tập 18</title>
<link>http://server3.dangcaphd.com/p4R4cDQnzcUagcNa/phimbo0710/Revenge.S04/Revenge.S04E18.mp4</link>
<thumbnail>http://media.dangcaphd.com/public/9d8c760ca90aed4c8bd4c6c97a948e74_thumb.jpg</thumbnail>
<title>Revenge Season 4 - Báo Thù Phần 4 - 2014 (Tập 22/22) - Tập 19</title>
<link>http://server3.dangcaphd.com/p4R4cDQnzcUagcNa/phimbo0710/Revenge.S04/Revenge.S04E19.mp4</link>
<thumbnail>http://media.dangcaphd.com/public/9d8c760ca90aed4c8bd4c6c97a948e74_thumb.jpg</thumbnail>
<title>Revenge Season 4 - Báo Thù Phần 4 - 2014 (Tập 22/22) - Tập 20</title>
<link>http://server3.dangcaphd.com/p4R4cDQnzcUagcNa/phimbo0710/Revenge.S04/Revenge.S04E20.mp4</link>
<thumbnail>http://media.dangcaphd.com/public/9d8c760ca90aed4c8bd4c6c97a948e74_thumb.jpg</thumbnail>
<title>Revenge Season 4 - Báo Thù Phần 4 - 2014 (Tập 22/22) - Tập 21</title>
<link>http://server3.dangcaphd.com/p4R4cDQnzcUagcNa/phimbo0710/Revenge.S04/Revenge.S04E21.mp4</link>
<thumbnail>http://media.dangcaphd.com/public/9d8c760ca90aed4c8bd4c6c97a948e74_thumb.jpg</thumbnail>
<title>Revenge Season 4 - Báo Thù Phần 4 - 2014 (Tập 22/22) - Tập 22</title>
<link>http://server3.dangcaphd.com/p4R4cDQnzcUagcNa/phimbo0710/Revenge.S04/Revenge.S04E22.mp4</link>
<thumbnail>http://media.dangcaphd.com/public/9d8c760ca90aed4c8bd4c6c97a948e74_thumb.jpg</thumbnail>
<title>Red Band Society Season 1 - Hội Vòng Đỏ Phần 1 - 2014 ( 8 Tập) - Tập 1</title>
<link>http://server3.dangcaphd.com/p4R4cDQnzcUagcNa/phimbo0710/red.band.society.s01/red.band.society.s01e01.mp4</link>
<thumbnail>http://media.dangcaphd.com/public/baf2a5a80e7f826afe7c418a1af23ca3_thumb.jpg</thumbnail>
<title>Red Band Society Season 1 - Hội Vòng Đỏ Phần 1 - 2014 ( 8 Tập) - Tập 2</title>
<link>http://server3.dangcaphd.com/p4R4cDQnzcUagcNa/phimbo0710/red.band.society.s01/Red.Band.Society.S01E02.mp4</link>
<thumbnail>http://media.dangcaphd.com/public/baf2a5a80e7f826afe7c418a1af23ca3_thumb.jpg</thumbnail>
<title>Red Band Society Season 1 - Hội Vòng Đỏ Phần 1 - 2014 ( 8 Tập) - Tập 3</title>
<link>http://server3.dangcaphd.com/p4R4cDQnzcUagcNa/phimbo0710/red.band.society.s01/Red.Band.Society.S01E03.mp4</link>
<thumbnail>http://media.dangcaphd.com/public/baf2a5a80e7f826afe7c418a1af23ca3_thumb.jpg</thumbnail>
<title>Red Band Society Season 1 - Hội Vòng Đỏ Phần 1 - 2014 ( 8 Tập) - Tập 4</title>
<link>http://server3.dangcaphd.com/p4R4cDQnzcUagcNa/phimbo0710/red.band.society.s01/Red.Band.Society.S01E04.mp4</link>
<thumbnail>http://media.dangcaphd.com/public/baf2a5a80e7f826afe7c418a1af23ca3_thumb.jpg</thumbnail>
<title>Red Band Society Season 1 - Hội Vòng Đỏ Phần 1 - 2014 ( 8 Tập) - Tập 5</title>
<link>http://server3.dangcaphd.com/p4R4cDQnzcUagcNa/phimbo0710/red.band.society.s01/Red.Band.Society.S01E05.mp4</link>
<thumbnail>http://media.dangcaphd.com/public/baf2a5a80e7f826afe7c418a1af23ca3_thumb.jpg</thumbnail>
<title>Red Band Society Season 1 - Hội Vòng Đỏ Phần 1 - 2014 ( 8 Tập) - Tập 6</title>
<link>http://server3.dangcaphd.com/p4R4cDQnzcUagcNa/phimbo0710/red.band.society.s01/Red.Band.Society.S01E06.mp4</link>
<thumbnail>http://media.dangcaphd.com/public/baf2a5a80e7f826afe7c418a1af23ca3_thumb.jpg</thumbnail>
<title>Red Band Society Season 1 - Hội Vòng Đỏ Phần 1 - 2014 ( 8 Tập) - Tập 7</title>
<link>http://server3.dangcaphd.com/p4R4cDQnzcUagcNa/phimbo0710/red.band.society.s01/Red.Band.Society.S01E07.mp4</link>
<thumbnail>http://media.dangcaphd.com/public/baf2a5a80e7f826afe7c418a1af23ca3_thumb.jpg</thumbnail>
<title>Red Band Society Season 1 - Hội Vòng Đỏ Phần 1 - 2014 ( 8 Tập) - Tập 8</title>
<link>http://server3.dangcaphd.com/p4R4cDQnzcUagcNa/phimbo0710/red.band.society.s01/Red.Band.Society.S01E08.mp4</link>
<thumbnail>http://media.dangcaphd.com/public/baf2a5a80e7f826afe7c418a1af23ca3_thumb.jpg</thumbnail>
<title>Red Band Society Season 1 - Hội Vòng Đỏ Phần 1 - 2014 ( 8 Tập) - Tập 9</title>
<link>http://server3.dangcaphd.com/p4R4cDQnzcUagcNa/phimbo0710/red.band.society.s01/Red.Band.Society.S01E09.mp4</link>
<thumbnail>http://media.dangcaphd.com/public/baf2a5a80e7f826afe7c418a1af23ca3_thumb.jpg</thumbnail>
<title>Person of Interest Season 4 - Kẻ Tình Nghi Phần 4 - 2014 (22/23 Tập) - Tập 1</title>
<link>http://server3.dangcaphd.com/p4R4cDQnzcUagcNa/phimbo0710/Person.of.Interest.S04/Person.of.Interest.S04E01.mp4</link>
<thumbnail>http://media.dangcaphd.com/public/210e1c54376d19a23959c8c47ea64d09_thumb.jpg</thumbnail>
<title>Person of Interest Season 4 - Kẻ Tình Nghi Phần 4 - 2014 (22/23 Tập) - Tập 2</title>
<link>http://server3.dangcaphd.com/p4R4cDQnzcUagcNa/phimbo0710/Person.of.Interest.S04/Person.of.Interest.S04E02.mp4</link>
<thumbnail>http://media.dangcaphd.com/public/210e1c54376d19a23959c8c47ea64d09_thumb.jpg</thumbnail>
<title>Person of Interest Season 4 - Kẻ Tình Nghi Phần 4 - 2014 (22/23 Tập) - Tập 3</title>
<link>http://server3.dangcaphd.com/p4R4cDQnzcUagcNa/phimbo0710/Person.of.Interest.S04/Person.of.Interest.S04E03.mp4</link>
<thumbnail>http://media.dangcaphd.com/public/210e1c54376d19a23959c8c47ea64d09_thumb.jpg</thumbnail>
<title>Person of Interest Season 4 - Kẻ Tình Nghi Phần 4 - 2014 (22/23 Tập) - Tập 4</title>
<link>http://server3.dangcaphd.com/p4R4cDQnzcUagcNa/phimbo0710/Person.of.Interest.S04/Person.of.Interest.S04E04.mp4</link>
<thumbnail>http://media.dangcaphd.com/public/210e1c54376d19a23959c8c47ea64d09_thumb.jpg</thumbnail>
<title>Person of Interest Season 4 - Kẻ Tình Nghi Phần 4 - 2014 (22/23 Tập) - Tập 5</title>
<link>http://server3.dangcaphd.com/p4R4cDQnzcUagcNa/phimbo0710/Person.of.Interest.S04/Person.of.Interest.S04E05.mp4</link>
<thumbnail>http://media.dangcaphd.com/public/210e1c54376d19a23959c8c47ea64d09_thumb.jpg</thumbnail>
<title>Person of Interest Season 4 - Kẻ Tình Nghi Phần 4 - 2014 (22/23 Tập) - Tập 6</title>
<link>http://server3.dangcaphd.com/p4R4cDQnzcUagcNa/phimbo0710/Person.of.Interest.S04/Person.of.Interest.S04E06.mp4</link>
<thumbnail>http://media.dangcaphd.com/public/210e1c54376d19a23959c8c47ea64d09_thumb.jpg</thumbnail>
<title>Person of Interest Season 4 - Kẻ Tình Nghi Phần 4 - 2014 (22/23 Tập) - Tập 7</title>
<link>http://server3.dangcaphd.com/p4R4cDQnzcUagcNa/phimbo0710/Person.of.Interest.S04/Person.of.Interest.S04E07.mp4</link>
<thumbnail>http://media.dangcaphd.com/public/210e1c54376d19a23959c8c47ea64d09_thumb.jpg</thumbnail>
<title>Person of Interest Season 4 - Kẻ Tình Nghi Phần 4 - 2014 (22/23 Tập) - Tập 8</title>
<link>http://server3.dangcaphd.com/p4R4cDQnzcUagcNa/phimbo0710/Person.of.Interest.S04/Person.of.Interest.S04E08.mp4</link>
<thumbnail>http://media.dangcaphd.com/public/210e1c54376d19a23959c8c47ea64d09_thumb.jpg</thumbnail>
<title>Person of Interest Season 4 - Kẻ Tình Nghi Phần 4 - 2014 (22/23 Tập) - Tập 9</title>
<link>http://server3.dangcaphd.com/p4R4cDQnzcUagcNa/phimbo0710/Person.of.Interest.S04/Person.of.Interest.S04E09.mp4</link>
<thumbnail>http://media.dangcaphd.com/public/210e1c54376d19a23959c8c47ea64d09_thumb.jpg</thumbnail>
<title>Person of Interest Season 4 - Kẻ Tình Nghi Phần 4 - 2014 (22/23 Tập) - Tập 10</title>
<link>http://server3.dangcaphd.com/p4R4cDQnzcUagcNa/phimbo0710/Person.of.Interest.S04/Person.of.Interest.S04E10.mp4</link>
<thumbnail>http://media.dangcaphd.com/public/210e1c54376d19a23959c8c47ea64d09_thumb.jpg</thumbnail>
<title>Person of Interest Season 4 - Kẻ Tình Nghi Phần 4 - 2014 (22/23 Tập) - Tập 11</title>
<link>http://server3.dangcaphd.com/p4R4cDQnzcUagcNa/phimbo0710/Person.of.Interest.S04/Person.of.Interest.S04E11.mp4</link>
<thumbnail>http://media.dangcaphd.com/public/210e1c54376d19a23959c8c47ea64d09_thumb.jpg</thumbnail>
<title>Person of Interest Season 4 - Kẻ Tình Nghi Phần 4 - 2014 (22/23 Tập) - Tập 12</title>
<link>http://server3.dangcaphd.com/p4R4cDQnzcUagcNa/phimbo0710/Person.of.Interest.S04/Person.of.Interest.S04E12.mp4</link>
<thumbnail>http://media.dangcaphd.com/public/210e1c54376d19a23959c8c47ea64d09_thumb.jpg</thumbnail>
<title>Person of Interest Season 4 - Kẻ Tình Nghi Phần 4 - 2014 (22/23 Tập) - Tập 13</title>
<link>http://server3.dangcaphd.com/p4R4cDQnzcUagcNa/phimbo0710/Person.of.Interest.S04/Person.of.Interest.S04E13.mp4</link>
<thumbnail>http://media.dangcaphd.com/public/210e1c54376d19a23959c8c47ea64d09_thumb.jpg</thumbnail>
<title>Person of Interest Season 4 - Kẻ Tình Nghi Phần 4 - 2014 (22/23 Tập) - Tập 14</title>
<link>http://server3.dangcaphd.com/p4R4cDQnzcUagcNa/phimbo0710/Person.of.Interest.S04/Person.of.Interest.S04E14.mp4</link>
<thumbnail>http://media.dangcaphd.com/public/210e1c54376d19a23959c8c47ea64d09_thumb.jpg</thumbnail>
<title>Person of Interest Season 4 - Kẻ Tình Nghi Phần 4 - 2014 (22/23 Tập) - Tập 15</title>
<link>http://server3.dangcaphd.com/p4R4cDQnzcUagcNa/phimbo0710/Person.of.Interest.S04/Person.of.Interest.S04E15.mp4</link>
<thumbnail>http://media.dangcaphd.com/public/210e1c54376d19a23959c8c47ea64d09_thumb.jpg</thumbnail>
<title>Person of Interest Season 4 - Kẻ Tình Nghi Phần 4 - 2014 (22/23 Tập) - Tập 16</title>
<link>http://server3.dangcaphd.com/p4R4cDQnzcUagcNa/phimbo0710/Person.of.Interest.S04/Person.of.Interest.S04E16.mp4</link>
<thumbnail>http://media.dangcaphd.com/public/210e1c54376d19a23959c8c47ea64d09_thumb.jpg</thumbnail>
<title>Person of Interest Season 4 - Kẻ Tình Nghi Phần 4 - 2014 (22/23 Tập) - Tập 17</title>
<link>http://server3.dangcaphd.com/p4R4cDQnzcUagcNa/phimbo0710/Person.of.Interest.S04/Person.of.Interest.S04E17.mp4</link>
<thumbnail>http://media.dangcaphd.com/public/210e1c54376d19a23959c8c47ea64d09_thumb.jpg</thumbnail>
<title>Person of Interest Season 4 - Kẻ Tình Nghi Phần 4 - 2014 (22/23 Tập) - Tập 18</title>
<link>http://server3.dangcaphd.com/p4R4cDQnzcUagcNa/phimbo0710/Person.of.Interest.S04/Person.of.Interest.S04E18.mp4</link>
<thumbnail>http://media.dangcaphd.com/public/210e1c54376d19a23959c8c47ea64d09_thumb.jpg</thumbnail>
<title>Person of Interest Season 4 - Kẻ Tình Nghi Phần 4 - 2014 (22/23 Tập) - Tập 19</title>
<link>http://server3.dangcaphd.com/p4R4cDQnzcUagcNa/phimbo0710/Person.of.Interest.S04/Person.of.Interest.S04E19.mp4</link>
<thumbnail>http://media.dangcaphd.com/public/210e1c54376d19a23959c8c47ea64d09_thumb.jpg</thumbnail>
<title>Person of Interest Season 4 - Kẻ Tình Nghi Phần 4 - 2014 (22/23 Tập) - Tập 20</title>
<link>http://server3.dangcaphd.com/p4R4cDQnzcUagcNa/phimbo0710/Person.of.Interest.S04/Person.of.Interest.S04E20.mp4</link>
<thumbnail>http://media.dangcaphd.com/public/210e1c54376d19a23959c8c47ea64d09_thumb.jpg</thumbnail>
<title>Person of Interest Season 4 - Kẻ Tình Nghi Phần 4 - 2014 (22/23 Tập) - Tập 21</title>
<link>http://server3.dangcaphd.com/p4R4cDQnzcUagcNa/phimbo0710/Person.of.Interest.S04/Person.of.Interest.S04E21.mp4</link>
<thumbnail>http://media.dangcaphd.com/public/210e1c54376d19a23959c8c47ea64d09_thumb.jpg</thumbnail>
<title>Person of Interest Season 4 - Kẻ Tình Nghi Phần 4 - 2014 (22/23 Tập) - Tập 22</title>
<link>http://server3.dangcaphd.com/p4R4cDQnzcUagcNa/phimbo0710/Person.of.Interest.S04/Person.of.Interest.S04E22.mp4</link>
<thumbnail>http://media.dangcaphd.com/public/210e1c54376d19a23959c8c47ea64d09_thumb.jpg</thumbnail>
<title>Once Upon a Time Season 4 - Ngày Xửa Ngày Xưa Phần 4 - 2014 ( 17/22 Tập) - Tập 1</title>
<link>http://server3.dangcaphd.com/p4R4cDQnzcUagcNa/phimbo0710/Once.Upon.a.Time.S04/Once.Upon.a.Time.S04E01.mp4</link>
<thumbnail>http://media.dangcaphd.com/public/f5a4d463b1811c686e85a98e5773f754_thumb.jpg</thumbnail>
<title>Once Upon a Time Season 4 - Ngày Xửa Ngày Xưa Phần 4 - 2014 ( 17/22 Tập) - Tập 2</title>
<link>http://server3.dangcaphd.com/p4R4cDQnzcUagcNa/phimbo0710/Once.Upon.a.Time.S04/Once.Upon.a.Time.S04E02.mp4</link>
<thumbnail>http://media.dangcaphd.com/public/f5a4d463b1811c686e85a98e5773f754_thumb.jpg</thumbnail>
<title>Once Upon a Time Season 4 - Ngày Xửa Ngày Xưa Phần 4 - 2014 ( 17/22 Tập) - Tập 3</title>
<link>http://server3.dangcaphd.com/p4R4cDQnzcUagcNa/phimbo0710/Once.Upon.a.Time.S04/Once.Upon.a.Time.S04E03.mp4</link>
<thumbnail>http://media.dangcaphd.com/public/f5a4d463b1811c686e85a98e5773f754_thumb.jpg</thumbnail>
<title>Once Upon a Time Season 4 - Ngày Xửa Ngày Xưa Phần 4 - 2014 ( 17/22 Tập) - Tập 4</title>
<link>http://server3.dangcaphd.com/p4R4cDQnzcUagcNa/phimbo0710/Once.Upon.a.Time.S04/Once.Upon.a.Time.S04E04.mp4</link>
<thumbnail>http://media.dangcaphd.com/public/f5a4d463b1811c686e85a98e5773f754_thumb.jpg</thumbnail>
<title>Once Upon a Time Season 4 - Ngày Xửa Ngày Xưa Phần 4 - 2014 ( 17/22 Tập) - Tập 5</title>
<link>http://server3.dangcaphd.com/p4R4cDQnzcUagcNa/phimbo0710/Once.Upon.a.Time.S04/Once.Upon.a.Time.S04E05.mp4</link>
<thumbnail>http://media.dangcaphd.com/public/f5a4d463b1811c686e85a98e5773f754_thumb.jpg</thumbnail>
<title>Once Upon a Time Season 4 - Ngày Xửa Ngày Xưa Phần 4 - 2014 ( 17/22 Tập) - Tập 6</title>
<link>http://server3.dangcaphd.com/p4R4cDQnzcUagcNa/phimbo0710/Once.Upon.a.Time.S04/Once.Upon.a.Time.S04E06.mp4</link>
<thumbnail>http://media.dangcaphd.com/public/f5a4d463b1811c686e85a98e5773f754_thumb.jpg</thumbnail>
<title>Once Upon a Time Season 4 - Ngày Xửa Ngày Xưa Phần 4 - 2014 ( 17/22 Tập) - Tập 7</title>
<link>http://server3.dangcaphd.com/p4R4cDQnzcUagcNa/phimbo0710/Once.Upon.a.Time.S04/Once.Upon.a.Time.S04E07.mp4</link>
<thumbnail>http://media.dangcaphd.com/public/f5a4d463b1811c686e85a98e5773f754_thumb.jpg</thumbnail>
<title>Once Upon a Time Season 4 - Ngày Xửa Ngày Xưa Phần 4 - 2014 ( 17/22 Tập) - Tập 8</title>
<link>http://server3.dangcaphd.com/p4R4cDQnzcUagcNa/phimbo0710/Once.Upon.a.Time.S04/Once.Upon.a.Time.S04E08E09.mp4</link>
<thumbnail>http://media.dangcaphd.com/public/f5a4d463b1811c686e85a98e5773f754_thumb.jpg</thumbnail>
<title>Once Upon a Time Season 4 - Ngày Xửa Ngày Xưa Phần 4 - 2014 ( 17/22 Tập) - Tập 9</title>
<link>http://server3.dangcaphd.com/p4R4cDQnzcUagcNa/phimbo0710/Once.Upon.a.Time.S04/Once.Upon.a.Time.S04E10.mp4</link>
<thumbnail>http://media.dangcaphd.com/public/f5a4d463b1811c686e85a98e5773f754_thumb.jpg</thumbnail>
<title>Once Upon a Time Season 4 - Ngày Xửa Ngày Xưa Phần 4 - 2014 ( 17/22 Tập) - Tập 10</title>
<link>http://server3.dangcaphd.com/p4R4cDQnzcUagcNa/phimbo0710/Once.Upon.a.Time.S04/Once.Upon.a.Time.S04E11.mp4</link>
<thumbnail>http://media.dangcaphd.com/public/f5a4d463b1811c686e85a98e5773f754_thumb.jpg</thumbnail>
<title>Once Upon a Time Season 4 - Ngày Xửa Ngày Xưa Phần 4 - 2014 ( 17/22 Tập) - Tập 11</title>
<link>http://server3.dangcaphd.com/p4R4cDQnzcUagcNa/phimbo0710/Once.Upon.a.Time.S04/Once.Upon.a.Time.S04E12.mp4</link>
<thumbnail>http://media.dangcaphd.com/public/f5a4d463b1811c686e85a98e5773f754_thumb.jpg</thumbnail>
<title>Once Upon a Time Season 4 - Ngày Xửa Ngày Xưa Phần 4 - 2014 ( 17/22 Tập) - Tập 12</title>
<link>http://server3.dangcaphd.com/p4R4cDQnzcUagcNa/phimbo0710/Once.Upon.a.Time.S04/Once.Upon.a.Time.S04E13.mp4</link>
<thumbnail>http://media.dangcaphd.com/public/f5a4d463b1811c686e85a98e5773f754_thumb.jpg</thumbnail>
<title>Once Upon a Time Season 4 - Ngày Xửa Ngày Xưa Phần 4 - 2014 ( 17/22 Tập) - Tập 13</title>
<link>http://server3.dangcaphd.com/p4R4cDQnzcUagcNa/phimbo0710/Once.Upon.a.Time.S04/Once.Upon.a.Time.S04E14.mp4</link>
<thumbnail>http://media.dangcaphd.com/public/f5a4d463b1811c686e85a98e5773f754_thumb.jpg</thumbnail>
<title>Once Upon a Time Season 4 - Ngày Xửa Ngày Xưa Phần 4 - 2014 ( 17/22 Tập) - Tập 14</title>
<link>http://server3.dangcaphd.com/p4R4cDQnzcUagcNa/phimbo0710/Once.Upon.a.Time.S04/Once.Upon.a.Time.S04E14.mp4</link>
<thumbnail>http://media.dangcaphd.com/public/f5a4d463b1811c686e85a98e5773f754_thumb.jpg</thumbnail>
<title>Once Upon a Time Season 4 - Ngày Xửa Ngày Xưa Phần 4 - 2014 ( 17/22 Tập) - Tập 15</title>
<link>http://server3.dangcaphd.com/p4R4cDQnzcUagcNa/phimbo0710/Once.Upon.a.Time.S04/Once.Upon.a.Time.S04E15.mp4</link>
<thumbnail>http://media.dangcaphd.com/public/f5a4d463b1811c686e85a98e5773f754_thumb.jpg</thumbnail>
<title>Once Upon a Time Season 4 - Ngày Xửa Ngày Xưa Phần 4 - 2014 ( 17/22 Tập) - Tập 16</title>
<link>http://server3.dangcaphd.com/p4R4cDQnzcUagcNa/phimbo0710/Once.Upon.a.Time.S04/once.upon.a.time.s04e16.mp4</link>
<thumbnail>http://media.dangcaphd.com/public/f5a4d463b1811c686e85a98e5773f754_thumb.jpg</thumbnail>
<title>Once Upon a Time Season 4 - Ngày Xửa Ngày Xưa Phần 4 - 2014 ( 17/22 Tập) - Tập 17</title>
<link>http://server3.dangcaphd.com/p4R4cDQnzcUagcNa/phimbo0710/Once.Upon.a.Time.S04/Once.Upon.a.Time.S04E17.mp4</link>
<thumbnail>http://media.dangcaphd.com/public/f5a4d463b1811c686e85a98e5773f754_thumb.jpg</thumbnail>
<title>New Girl Season 4 - Cô Gái Kỳ Quặc Phần 4 - 2014 (11/23 Tập) - Tập 1</title>
<link>http://server3.dangcaphd.com/p4R4cDQnzcUagcNa/phimbo0710/New.Girl.S04/New.Girl.S04E01.mp4</link>
<thumbnail>http://media.dangcaphd.com/public/e874254b4ae6c91a7bc21c60947aec43_thumb.jpg</thumbnail>
<title>New Girl Season 4 - Cô Gái Kỳ Quặc Phần 4 - 2014 (11/23 Tập) - Tập 2</title>
<link>http://server3.dangcaphd.com/p4R4cDQnzcUagcNa/phimbo0710/New.Girl.S04/New.Girl.S04E02.mp4</link>
<thumbnail>http://media.dangcaphd.com/public/e874254b4ae6c91a7bc21c60947aec43_thumb.jpg</thumbnail>
<title>New Girl Season 4 - Cô Gái Kỳ Quặc Phần 4 - 2014 (11/23 Tập) - Tập 3</title>
<link>http://server3.dangcaphd.com/p4R4cDQnzcUagcNa/phimbo0710/New.Girl.S04/New.Girl.S04E03.mp4</link>
<thumbnail>http://media.dangcaphd.com/public/e874254b4ae6c91a7bc21c60947aec43_thumb.jpg</thumbnail>
<title>New Girl Season 4 - Cô Gái Kỳ Quặc Phần 4 - 2014 (11/23 Tập) - Tập 4</title>
<link>http://server3.dangcaphd.com/p4R4cDQnzcUagcNa/phimbo0710/New.Girl.S04/New.Girl.S04E04.mp4</link>
<thumbnail>http://media.dangcaphd.com/public/e874254b4ae6c91a7bc21c60947aec43_thumb.jpg</thumbnail>
<title>New Girl Season 4 - Cô Gái Kỳ Quặc Phần 4 - 2014 (11/23 Tập) - Tập 5</title>
<link>http://server3.dangcaphd.com/p4R4cDQnzcUagcNa/phimbo0710/New.Girl.S04/New.Girl.S04E05.mp4</link>
<thumbnail>http://media.dangcaphd.com/public/e874254b4ae6c91a7bc21c60947aec43_thumb.jpg</thumbnail>
<title>New Girl Season 4 - Cô Gái Kỳ Quặc Phần 4 - 2014 (11/23 Tập) - Tập 6</title>
<link>http://server3.dangcaphd.com/p4R4cDQnzcUagcNa/phimbo0710/New.Girl.S04/New.Girl.S04E06.mp4</link>
<thumbnail>http://media.dangcaphd.com/public/e874254b4ae6c91a7bc21c60947aec43_thumb.jpg</thumbnail>
<title>New Girl Season 4 - Cô Gái Kỳ Quặc Phần 4 - 2014 (11/23 Tập) - Tập 7</title>
<link>http://server3.dangcaphd.com/p4R4cDQnzcUagcNa/phimbo0710/New.Girl.S04/New.Girl.S04E07.mp4</link>
<thumbnail>http://media.dangcaphd.com/public/e874254b4ae6c91a7bc21c60947aec43_thumb.jpg</thumbnail>
<title>New Girl Season 4 - Cô Gái Kỳ Quặc Phần 4 - 2014 (11/23 Tập) - Tập 8</title>
<link>http://server3.dangcaphd.com/p4R4cDQnzcUagcNa/phimbo0710/New.Girl.S04/New.Girl.S04E08.mp4</link>
<thumbnail>http://media.dangcaphd.com/public/e874254b4ae6c91a7bc21c60947aec43_thumb.jpg</thumbnail>
<title>New Girl Season 4 - Cô Gái Kỳ Quặc Phần 4 - 2014 (11/23 Tập) - Tập 9</title>
<link>http://server3.dangcaphd.com/p4R4cDQnzcUagcNa/phimbo0710/New.Girl.S04/New.Girl.S04.E09.mp4</link>
<thumbnail>http://media.dangcaphd.com/public/e874254b4ae6c91a7bc21c60947aec43_thumb.jpg</thumbnail>
<title>New Girl Season 4 - Cô Gái Kỳ Quặc Phần 4 - 2014 (11/23 Tập) - Tập 10</title>
<link>http://server3.dangcaphd.com/p4R4cDQnzcUagcNa/phimbo0710/New.Girl.S04/New.Girl.S04.E10.mp4</link>
<thumbnail>http://media.dangcaphd.com/public/e874254b4ae6c91a7bc21c60947aec43_thumb.jpg</thumbnail>
<title>New Girl Season 4 - Cô Gái Kỳ Quặc Phần 4 - 2014 (11/23 Tập) - Tập 11</title>
<link>http://server3.dangcaphd.com/p4R4cDQnzcUagcNa/phimbo0710/New.Girl.S04/New.Girl.S04.E11.mp4</link>
<thumbnail>http://media.dangcaphd.com/public/e874254b4ae6c91a7bc21c60947aec43_thumb.jpg</thumbnail>
<title>Bệnh Viện Thứ 3 - 2012 ( Trọn bộ 20 tập ) - Tập 1</title>
<link>http://server3.dangcaphd.com/p4R4cDQnzcUagcNa/phimbo0710/The.3rd.Hospital.01/The.3rd.Hospital.01.mp4</link>
<thumbnail>http://media.dangcaphd.com/public/2fb7bdfa2afca71f1621779cf8a6c050_thumb.jpg</thumbnail>
<title>Bệnh Viện Thứ 3 - 2012 ( Trọn bộ 20 tập ) - Tập 2</title>
<link>http://server3.dangcaphd.com/p4R4cDQnzcUagcNa/phimbo0710/The.3rd.Hospital.01/The.3rd.Hospital.02.mp4</link>
<thumbnail>http://media.dangcaphd.com/public/2fb7bdfa2afca71f1621779cf8a6c050_thumb.jpg</thumbnail>
<title>Bệnh Viện Thứ 3 - 2012 ( Trọn bộ 20 tập ) - Tập 3</title>
<link>http://server3.dangcaphd.com/p4R4cDQnzcUagcNa/phimbo0710/The.3rd.Hospital.01/The.3rd.Hospital.03.mp4</link>
<thumbnail>http://media.dangcaphd.com/public/2fb7bdfa2afca71f1621779cf8a6c050_thumb.jpg</thumbnail>
<title>Bệnh Viện Thứ 3 - 2012 ( Trọn bộ 20 tập ) - Tập 4</title>
<link>http://server3.dangcaphd.com/p4R4cDQnzcUagcNa/phimbo0710/The.3rd.Hospital.01/The.3rd.Hospital.04.mp4</link>
<thumbnail>http://media.dangcaphd.com/public/2fb7bdfa2afca71f1621779cf8a6c050_thumb.jpg</thumbnail>
<title>Bệnh Viện Thứ 3 - 2012 ( Trọn bộ 20 tập ) - Tập 5</title>
<link>http://server3.dangcaphd.com/p4R4cDQnzcUagcNa/phimbo0710/The.3rd.Hospital.01/The.3rd.Hospital.05.mp4</link>
<thumbnail>http://media.dangcaphd.com/public/2fb7bdfa2afca71f1621779cf8a6c050_thumb.jpg</thumbnail>
<title>Bệnh Viện Thứ 3 - 2012 ( Trọn bộ 20 tập ) - Tập 6</title>
<link>http://server3.dangcaphd.com/p4R4cDQnzcUagcNa/phimbo0710/The.3rd.Hospital.01/The.3rd.Hospital.06.mp4</link>
<thumbnail>http://media.dangcaphd.com/public/2fb7bdfa2afca71f1621779cf8a6c050_thumb.jpg</thumbnail>
<title>Bệnh Viện Thứ 3 - 2012 ( Trọn bộ 20 tập ) - Tập 7</title>
<link>http://server3.dangcaphd.com/p4R4cDQnzcUagcNa/phimbo0710/The.3rd.Hospital.01/The.3rd.Hospital.07.mp4</link>
<thumbnail>http://media.dangcaphd.com/public/2fb7bdfa2afca71f1621779cf8a6c050_thumb.jpg</thumbnail>
<title>Bệnh Viện Thứ 3 - 2012 ( Trọn bộ 20 tập ) - Tập 8</title>
<link>http://server3.dangcaphd.com/p4R4cDQnzcUagcNa/phimbo0710/The.3rd.Hospital.01/The.3rd.Hospital.08.mp4</link>
<thumbnail>http://media.dangcaphd.com/public/2fb7bdfa2afca71f1621779cf8a6c050_thumb.jpg</thumbnail>
<title>Bệnh Viện Thứ 3 - 2012 ( Trọn bộ 20 tập ) - Tập 9</title>
<link>http://server3.dangcaphd.com/p4R4cDQnzcUagcNa/phimbo0710/The.3rd.Hospital.01/The.3rd.Hospital.09.mp4</link>
<thumbnail>http://media.dangcaphd.com/public/2fb7bdfa2afca71f1621779cf8a6c050_thumb.jpg</thumbnail>
<title>Bệnh Viện Thứ 3 - 2012 ( Trọn bộ 20 tập ) - Tập 10</title>
<link>http://server3.dangcaphd.com/p4R4cDQnzcUagcNa/phimbo0710/The.3rd.Hospital.01/The.3rd.Hospital.10.mp4</link>
<thumbnail>http://media.dangcaphd.com/public/2fb7bdfa2afca71f1621779cf8a6c050_thumb.jpg</thumbnail>
<title>Bệnh Viện Thứ 3 - 2012 ( Trọn bộ 20 tập ) - Tập 11</title>
<link>http://server3.dangcaphd.com/p4R4cDQnzcUagcNa/phimbo0710/The.3rd.Hospital.01/The.3rd.Hospital.11.mp4</link>
<thumbnail>http://media.dangcaphd.com/public/2fb7bdfa2afca71f1621779cf8a6c050_thumb.jpg</thumbnail>
<title>Bệnh Viện Thứ 3 - 2012 ( Trọn bộ 20 tập ) - Tập 12</title>
<link>http://server3.dangcaphd.com/p4R4cDQnzcUagcNa/phimbo0710/The.3rd.Hospital.01/The.3rd.Hospital.12.mp4</link>
<thumbnail>http://media.dangcaphd.com/public/2fb7bdfa2afca71f1621779cf8a6c050_thumb.jpg</thumbnail>
<title>Bệnh Viện Thứ 3 - 2012 ( Trọn bộ 20 tập ) - Tập 13</title>
<link>http://server3.dangcaphd.com/p4R4cDQnzcUagcNa/phimbo0710/The.3rd.Hospital.01/The.3rd.Hospital.13.mp4</link>
<thumbnail>http://media.dangcaphd.com/public/2fb7bdfa2afca71f1621779cf8a6c050_thumb.jpg</thumbnail>
<title>Bệnh Viện Thứ 3 - 2012 ( Trọn bộ 20 tập ) - Tập 14</title>
<link>http://server3.dangcaphd.com/p4R4cDQnzcUagcNa/phimbo0710/The.3rd.Hospital.01/The.3rd.Hospital.14.mp4</link>
<thumbnail>http://media.dangcaphd.com/public/2fb7bdfa2afca71f1621779cf8a6c050_thumb.jpg</thumbnail>
<title>Bệnh Viện Thứ 3 - 2012 ( Trọn bộ 20 tập ) - Tập 15</title>
<link>http://server3.dangcaphd.com/p4R4cDQnzcUagcNa/phimbo0710/The.3rd.Hospital.01/The.3rd.Hospital.15.mp4</link>
<thumbnail>http://media.dangcaphd.com/public/2fb7bdfa2afca71f1621779cf8a6c050_thumb.jpg</thumbnail>
<title>Bệnh Viện Thứ 3 - 2012 ( Trọn bộ 20 tập ) - Tập 16</title>
<link>http://server3.dangcaphd.com/p4R4cDQnzcUagcNa/phimbo0710/The.3rd.Hospital.01/The.3rd.Hospital.16.mp4</link>
<thumbnail>http://media.dangcaphd.com/public/2fb7bdfa2afca71f1621779cf8a6c050_thumb.jpg</thumbnail>
<title>Bệnh Viện Thứ 3 - 2012 ( Trọn bộ 20 tập ) - Tập 17</title>
<link>http://server3.dangcaphd.com/p4R4cDQnzcUagcNa/phimbo0710/The.3rd.Hospital.01/The.3rd.Hospital.17.mp4</link>
<thumbnail>http://media.dangcaphd.com/public/2fb7bdfa2afca71f1621779cf8a6c050_thumb.jpg</thumbnail>
<title>Bệnh Viện Thứ 3 - 2012 ( Trọn bộ 20 tập ) - Tập 18</title>
<link>http://server3.dangcaphd.com/p4R4cDQnzcUagcNa/phimbo0710/The.3rd.Hospital.01/The.3rd.Hospital.18.mp4</link>
<thumbnail>http://media.dangcaphd.com/public/2fb7bdfa2afca71f1621779cf8a6c050_thumb.jpg</thumbnail>
<title>Bệnh Viện Thứ 3 - 2012 ( Trọn bộ 20 tập ) - Tập 19</title>
<link>http://server3.dangcaphd.com/p4R4cDQnzcUagcNa/phimbo0710/The.3rd.Hospital.01/The.3rd.Hospital.19.mp4</link>
<thumbnail>http://media.dangcaphd.com/public/2fb7bdfa2afca71f1621779cf8a6c050_thumb.jpg</thumbnail>
<title>Bệnh Viện Thứ 3 - 2012 ( Trọn bộ 20 tập ) - Tập 20</title>
<link>http://server3.dangcaphd.com/p4R4cDQnzcUagcNa/phimbo0710/The.3rd.Hospital.01/The.3rd.Hospital.20.mp4</link>
<thumbnail>http://media.dangcaphd.com/public/2fb7bdfa2afca71f1621779cf8a6c050_thumb.jpg</thumbnail>
<title>Marvel's Agents of S.H.I.E.L.D Season 2 - Đặc Vụ S.H.I.E.L.D Phần 2 - 2014 (20/22 Tập) - Tập 1</title>
<link>http://server3.dangcaphd.com/p4R4cDQnzcUagcNa/phimbo0710/Marvels.Agents.of.S.H.I.E.L.D.S02/Marvels.Agents.of.S.H.I.E.L.D.S02E01.mp4</link>
<thumbnail>http://media.dangcaphd.com/public/b0102b5db93b34364b91cfff764bf249_thumb.jpg</thumbnail>
<title>Marvel's Agents of S.H.I.E.L.D Season 2 - Đặc Vụ S.H.I.E.L.D Phần 2 - 2014 (20/22 Tập) - Tập 2</title>
<link>http://server3.dangcaphd.com/p4R4cDQnzcUagcNa/phimbo0710/Marvels.Agents.of.S.H.I.E.L.D.S02/Marvels.Agents.of.S.H.I.E.L.D.S02E02.mp4</link>
<thumbnail>http://media.dangcaphd.com/public/b0102b5db93b34364b91cfff764bf249_thumb.jpg</thumbnail>
<title>Marvel's Agents of S.H.I.E.L.D Season 2 - Đặc Vụ S.H.I.E.L.D Phần 2 - 2014 (20/22 Tập) - Tập 3</title>
<link>http://server3.dangcaphd.com/p4R4cDQnzcUagcNa/phimbo0710/Marvels.Agents.of.S.H.I.E.L.D.S02/Marvels.Agents.of.S.H.I.E.L.D.S02E03.mp4</link>
<thumbnail>http://media.dangcaphd.com/public/b0102b5db93b34364b91cfff764bf249_thumb.jpg</thumbnail>
<title>Marvel's Agents of S.H.I.E.L.D Season 2 - Đặc Vụ S.H.I.E.L.D Phần 2 - 2014 (20/22 Tập) - Tập 4</title>
<link>http://server3.dangcaphd.com/p4R4cDQnzcUagcNa/phimbo0710/Marvels.Agents.of.S.H.I.E.L.D.S02/Marvels.Agents.of.S.H.I.E.L.D.S02E04.mp4</link>
<thumbnail>http://media.dangcaphd.com/public/b0102b5db93b34364b91cfff764bf249_thumb.jpg</thumbnail>
<title>Marvel's Agents of S.H.I.E.L.D Season 2 - Đặc Vụ S.H.I.E.L.D Phần 2 - 2014 (20/22 Tập) - Tập 5</title>
<link>http://server3.dangcaphd.com/p4R4cDQnzcUagcNa/phimbo0710/Marvels.Agents.of.S.H.I.E.L.D.S02/Marvels.Agents.of.S.H.I.E.L.D.S02E05.mp4</link>
<thumbnail>http://media.dangcaphd.com/public/b0102b5db93b34364b91cfff764bf249_thumb.jpg</thumbnail>
<title>Marvel's Agents of S.H.I.E.L.D Season 2 - Đặc Vụ S.H.I.E.L.D Phần 2 - 2014 (20/22 Tập) - Tập 6</title>
<link>http://server3.dangcaphd.com/p4R4cDQnzcUagcNa/phimbo0710/Marvels.Agents.of.S.H.I.E.L.D.S02/Marvels.Agents.of.S.H.I.E.L.D.S02E06.mp4</link>
<thumbnail>http://media.dangcaphd.com/public/b0102b5db93b34364b91cfff764bf249_thumb.jpg</thumbnail>
<title>Marvel's Agents of S.H.I.E.L.D Season 2 - Đặc Vụ S.H.I.E.L.D Phần 2 - 2014 (20/22 Tập) - Tập 7</title>
<link>http://server3.dangcaphd.com/p4R4cDQnzcUagcNa/phimbo0710/Marvels.Agents.of.S.H.I.E.L.D.S02/Marvels.Agents.of.S.H.I.E.L.D.S02E07.mp4</link>
<thumbnail>http://media.dangcaphd.com/public/b0102b5db93b34364b91cfff764bf249_thumb.jpg</thumbnail>
<title>Marvel's Agents of S.H.I.E.L.D Season 2 - Đặc Vụ S.H.I.E.L.D Phần 2 - 2014 (20/22 Tập) - Tập 8</title>
<link>http://server3.dangcaphd.com/p4R4cDQnzcUagcNa/phimbo0710/Marvels.Agents.of.S.H.I.E.L.D.S02/Marvels.Agents.of.S.H.I.E.L.D.S02E08.mp4</link>
<thumbnail>http://media.dangcaphd.com/public/b0102b5db93b34364b91cfff764bf249_thumb.jpg</thumbnail>
<title>Marvel's Agents of S.H.I.E.L.D Season 2 - Đặc Vụ S.H.I.E.L.D Phần 2 - 2014 (20/22 Tập) - Tập 9</title>
<link>http://server3.dangcaphd.com/p4R4cDQnzcUagcNa/phimbo0710/Marvels.Agents.of.S.H.I.E.L.D.S02/Marvels.Agents.of.S.H.I.E.L.D.S02E09.mp4</link>
<thumbnail>http://media.dangcaphd.com/public/b0102b5db93b34364b91cfff764bf249_thumb.jpg</thumbnail>
<title>Marvel's Agents of S.H.I.E.L.D Season 2 - Đặc Vụ S.H.I.E.L.D Phần 2 - 2014 (20/22 Tập) - Tập 10</title>
<link>http://server3.dangcaphd.com/p4R4cDQnzcUagcNa/phimbo0710/Marvels.Agents.of.S.H.I.E.L.D.S02/Marvels.Agents.of.S.H.I.E.L.D.S02E10.mp4</link>
<thumbnail>http://media.dangcaphd.com/public/b0102b5db93b34364b91cfff764bf249_thumb.jpg</thumbnail>
<title>Marvel's Agents of S.H.I.E.L.D Season 2 - Đặc Vụ S.H.I.E.L.D Phần 2 - 2014 (20/22 Tập) - Tập 11</title>
<link>http://server3.dangcaphd.com/p4R4cDQnzcUagcNa/phimbo0710/Marvels.Agents.of.S.H.I.E.L.D.S02/Marvels.Agents.of.S.H.I.E.L.D.S02E11.mp4</link>
<thumbnail>http://media.dangcaphd.com/public/b0102b5db93b34364b91cfff764bf249_thumb.jpg</thumbnail>
<title>Marvel's Agents of S.H.I.E.L.D Season 2 - Đặc Vụ S.H.I.E.L.D Phần 2 - 2014 (20/22 Tập) - Tập 12</title>
<link>http://server3.dangcaphd.com/p4R4cDQnzcUagcNa/phimbo0710/Marvels.Agents.of.S.H.I.E.L.D.S02/Marvels.Agents.of.S.H.I.E.L.D.S02E12.mp4</link>
<thumbnail>http://media.dangcaphd.com/public/b0102b5db93b34364b91cfff764bf249_thumb.jpg</thumbnail>
<title>Marvel's Agents of S.H.I.E.L.D Season 2 - Đặc Vụ S.H.I.E.L.D Phần 2 - 2014 (20/22 Tập) - Tập 13</title>
<link>http://server3.dangcaphd.com/p4R4cDQnzcUagcNa/phimbo0710/Marvels.Agents.of.S.H.I.E.L.D.S02/Marvels.Agents.of.S.H.I.E.L.D.S02E13.mp4</link>
<thumbnail>http://media.dangcaphd.com/public/b0102b5db93b34364b91cfff764bf249_thumb.jpg</thumbnail>
<title>Marvel's Agents of S.H.I.E.L.D Season 2 - Đặc Vụ S.H.I.E.L.D Phần 2 - 2014 (20/22 Tập) - Tập 14</title>
<link>http://server3.dangcaphd.com/p4R4cDQnzcUagcNa/phimbo0710/Marvels.Agents.of.S.H.I.E.L.D.S02/Marvels.Agents.of.S.H.I.E.L.D.S02E14.mp4</link>
<thumbnail>http://media.dangcaphd.com/public/b0102b5db93b34364b91cfff764bf249_thumb.jpg</thumbnail>
<title>Marvel's Agents of S.H.I.E.L.D Season 2 - Đặc Vụ S.H.I.E.L.D Phần 2 - 2014 (20/22 Tập) - Tập 15</title>
<link>http://server3.dangcaphd.com/p4R4cDQnzcUagcNa/phimbo0710/Marvels.Agents.of.S.H.I.E.L.D.S02/Marvels.Agents.of.S.H.I.E.L.D.S02E15.mp4</link>
<thumbnail>http://media.dangcaphd.com/public/b0102b5db93b34364b91cfff764bf249_thumb.jpg</thumbnail>
<title>Marvel's Agents of S.H.I.E.L.D Season 2 - Đặc Vụ S.H.I.E.L.D Phần 2 - 2014 (20/22 Tập) - Tập 16</title>
<link>http://server3.dangcaphd.com/p4R4cDQnzcUagcNa/phimbo0710/Marvels.Agents.of.S.H.I.E.L.D.S02/Marvels.Agents.of.S.H.I.E.L.D.S02E16.mp4</link>
<thumbnail>http://media.dangcaphd.com/public/b0102b5db93b34364b91cfff764bf249_thumb.jpg</thumbnail>
<title>Marvel's Agents of S.H.I.E.L.D Season 2 - Đặc Vụ S.H.I.E.L.D Phần 2 - 2014 (20/22 Tập) - Tập 17</title>
<link>http://server3.dangcaphd.com/p4R4cDQnzcUagcNa/phimbo0710/Marvels.Agents.of.S.H.I.E.L.D.S02/Marvels.Agents.of.S.H.I.E.L.D.S02E17.mp4</link>
<thumbnail>http://media.dangcaphd.com/public/b0102b5db93b34364b91cfff764bf249_thumb.jpg</thumbnail>
<title>Marvel's Agents of S.H.I.E.L.D Season 2 - Đặc Vụ S.H.I.E.L.D Phần 2 - 2014 (20/22 Tập) - Tập 18</title>
<link>http://server3.dangcaphd.com/p4R4cDQnzcUagcNa/phimbo0710/Marvels.Agents.of.S.H.I.E.L.D.S02/Marvels.Agents.of.S.H.I.E.L.D.S02E18.mp4</link>
<thumbnail>http://media.dangcaphd.com/public/b0102b5db93b34364b91cfff764bf249_thumb.jpg</thumbnail>
<title>Marvel's Agents of S.H.I.E.L.D Season 2 - Đặc Vụ S.H.I.E.L.D Phần 2 - 2014 (20/22 Tập) - Tập 19</title>
<link>http://server3.dangcaphd.com/p4R4cDQnzcUagcNa/phimbo0710/Marvels.Agents.of.S.H.I.E.L.D.S02/Marvels.Agents.of.S.H.I.E.L.D.S02E19.mp4</link>
<thumbnail>http://media.dangcaphd.com/public/b0102b5db93b34364b91cfff764bf249_thumb.jpg</thumbnail>
<title>Marvel's Agents of S.H.I.E.L.D Season 2 - Đặc Vụ S.H.I.E.L.D Phần 2 - 2014 (20/22 Tập) - Tập 20</title>
<link>http://server3.dangcaphd.com/p4R4cDQnzcUagcNa/phimbo0710/Marvels.Agents.of.S.H.I.E.L.D.S02/Marvels.Agents.of.S.H.I.E.L.D.S02E20.mp4</link>
<thumbnail>http://media.dangcaphd.com/public/b0102b5db93b34364b91cfff764bf249_thumb.jpg</thumbnail>
<title>Sóng Gió Bạch Gia - The War Of The Beauties - 2013 - Tập 1</title>
<link>http://server3.dangcaphd.com/p4R4cDQnzcUagcNa/phimbo0710/SongGioBachGia.2013/SongGioBachGia.2013.E01.mp4</link>
<thumbnail>http://media.dangcaphd.com/public/cba6ba5b9c1077b839c59ea500ffa72b_thumb.jpg</thumbnail>
<title>Sóng Gió Bạch Gia - The War Of The Beauties - 2013 - Tập 2</title>
<link>http://server3.dangcaphd.com/p4R4cDQnzcUagcNa/phimbo0710/SongGioBachGia.2013/SongGioBachGia.2013.E02.mp4</link>
<thumbnail>http://media.dangcaphd.com/public/cba6ba5b9c1077b839c59ea500ffa72b_thumb.jpg</thumbnail>
<title>Sóng Gió Bạch Gia - The War Of The Beauties - 2013 - Tập 3</title>
<link>http://server3.dangcaphd.com/p4R4cDQnzcUagcNa/phimbo0710/SongGioBachGia.2013/SongGioBachGia.2013.E03.mp4</link>
<thumbnail>http://media.dangcaphd.com/public/cba6ba5b9c1077b839c59ea500ffa72b_thumb.jpg</thumbnail>
<title>Sóng Gió Bạch Gia - The War Of The Beauties - 2013 - Tập 4</title>
<link>http://server3.dangcaphd.com/p4R4cDQnzcUagcNa/phimbo0710/SongGioBachGia.2013/SongGioBachGia.2013.E04.mp4</link>
<thumbnail>http://media.dangcaphd.com/public/cba6ba5b9c1077b839c59ea500ffa72b_thumb.jpg</thumbnail>
<title>Sóng Gió Bạch Gia - The War Of The Beauties - 2013 - Tập 5</title>
<link>http://server3.dangcaphd.com/p4R4cDQnzcUagcNa/phimbo0710/SongGioBachGia.2013/SongGioBachGia.2013.E05.mp4</link>
<thumbnail>http://media.dangcaphd.com/public/cba6ba5b9c1077b839c59ea500ffa72b_thumb.jpg</thumbnail>
<title>Sóng Gió Bạch Gia - The War Of The Beauties - 2013 - Tập 6</title>
<link>http://server3.dangcaphd.com/p4R4cDQnzcUagcNa/phimbo0710/SongGioBachGia.2013/SongGioBachGia.2013.E06.mp4</link>
<thumbnail>http://media.dangcaphd.com/public/cba6ba5b9c1077b839c59ea500ffa72b_thumb.jpg</thumbnail>
<title>Sóng Gió Bạch Gia - The War Of The Beauties - 2013 - Tập 7</title>
<link>http://server3.dangcaphd.com/p4R4cDQnzcUagcNa/phimbo0710/SongGioBachGia.2013/SongGioBachGia.2013.E07.mp4</link>
<thumbnail>http://media.dangcaphd.com/public/cba6ba5b9c1077b839c59ea500ffa72b_thumb.jpg</thumbnail>
<title>Sóng Gió Bạch Gia - The War Of The Beauties - 2013 - Tập 8</title>
<link>http://server3.dangcaphd.com/p4R4cDQnzcUagcNa/phimbo0710/SongGioBachGia.2013/SongGioBachGia.2013.E08.mp4</link>
<thumbnail>http://media.dangcaphd.com/public/cba6ba5b9c1077b839c59ea500ffa72b_thumb.jpg</thumbnail>
<title>Sóng Gió Bạch Gia - The War Of The Beauties - 2013 - Tập 9</title>
<link>http://server3.dangcaphd.com/p4R4cDQnzcUagcNa/phimbo0710/SongGioBachGia.2013/SongGioBachGia.2013.E09.mp4</link>
<thumbnail>http://media.dangcaphd.com/public/cba6ba5b9c1077b839c59ea500ffa72b_thumb.jpg</thumbnail>
<title>Sóng Gió Bạch Gia - The War Of The Beauties - 2013 - Tập 10</title>
<link>http://server3.dangcaphd.com/p4R4cDQnzcUagcNa/phimbo0710/SongGioBachGia.2013/SongGioBachGia.2013.E10.mp4</link>
<thumbnail>http://media.dangcaphd.com/public/cba6ba5b9c1077b839c59ea500ffa72b_thumb.jpg</thumbnail>
<title>Sóng Gió Bạch Gia - The War Of The Beauties - 2013 - Tập 11</title>
<link>http://server3.dangcaphd.com/p4R4cDQnzcUagcNa/phimbo0710/SongGioBachGia.2013/SongGioBachGia.2013.E11.mp4</link>
<thumbnail>http://media.dangcaphd.com/public/cba6ba5b9c1077b839c59ea500ffa72b_thumb.jpg</thumbnail>
<title>Sóng Gió Bạch Gia - The War Of The Beauties - 2013 - Tập 12</title>
<link>http://server3.dangcaphd.com/p4R4cDQnzcUagcNa/phimbo0710/SongGioBachGia.2013/SongGioBachGia.2013.E12.mp4</link>
<thumbnail>http://media.dangcaphd.com/public/cba6ba5b9c1077b839c59ea500ffa72b_thumb.jpg</thumbnail>
<title>Sóng Gió Bạch Gia - The War Of The Beauties - 2013 - Tập 13</title>
<link>http://server3.dangcaphd.com/p4R4cDQnzcUagcNa/phimbo0710/SongGioBachGia.2013/SongGioBachGia.2013.E13.mp4</link>
<thumbnail>http://media.dangcaphd.com/public/cba6ba5b9c1077b839c59ea500ffa72b_thumb.jpg</thumbnail>
<title>Sóng Gió Bạch Gia - The War Of The Beauties - 2013 - Tập 14</title>
<link>http://server3.dangcaphd.com/p4R4cDQnzcUagcNa/phimbo0710/SongGioBachGia.2013/SongGioBachGia.2013.E14.mp4</link>
<thumbnail>http://media.dangcaphd.com/public/cba6ba5b9c1077b839c59ea500ffa72b_thumb.jpg</thumbnail>
<title>Sóng Gió Bạch Gia - The War Of The Beauties - 2013 - Tập 15</title>
<link>http://server3.dangcaphd.com/p4R4cDQnzcUagcNa/phimbo0710/SongGioBachGia.2013/SongGioBachGia.2013.E15.mp4</link>
<thumbnail>http://media.dangcaphd.com/public/cba6ba5b9c1077b839c59ea500ffa72b_thumb.jpg</thumbnail>
<title>Sóng Gió Bạch Gia - The War Of The Beauties - 2013 - Tập 16</title>
<link>http://server3.dangcaphd.com/p4R4cDQnzcUagcNa/phimbo0710/SongGioBachGia.2013/SongGioBachGia.2013.E16.mp4</link>
<thumbnail>http://media.dangcaphd.com/public/cba6ba5b9c1077b839c59ea500ffa72b_thumb.jpg</thumbnail>
<title>Sóng Gió Bạch Gia - The War Of The Beauties - 2013 - Tập 17</title>
<link>http://server3.dangcaphd.com/p4R4cDQnzcUagcNa/phimbo0710/SongGioBachGia.2013/SongGioBachGia.2013.E17.mp4</link>
<thumbnail>http://media.dangcaphd.com/public/cba6ba5b9c1077b839c59ea500ffa72b_thumb.jpg</thumbnail>
<title>Sóng Gió Bạch Gia - The War Of The Beauties - 2013 - Tập 18</title>
<link>http://server3.dangcaphd.com/p4R4cDQnzcUagcNa/phimbo0710/SongGioBachGia.2013/SongGioBachGia.2013.E18.mp4</link>
<thumbnail>http://media.dangcaphd.com/public/cba6ba5b9c1077b839c59ea500ffa72b_thumb.jpg</thumbnail>
<title>Sóng Gió Bạch Gia - The War Of The Beauties - 2013 - Tập 19</title>
<link>http://server3.dangcaphd.com/p4R4cDQnzcUagcNa/phimbo0710/SongGioBachGia.2013/SongGioBachGia.2013.E19.mp4</link>
<thumbnail>http://media.dangcaphd.com/public/cba6ba5b9c1077b839c59ea500ffa72b_thumb.jpg</thumbnail>
<title>Sóng Gió Bạch Gia - The War Of The Beauties - 2013 - Tập 20</title>
<link>http://server3.dangcaphd.com/p4R4cDQnzcUagcNa/phimbo0710/SongGioBachGia.2013/SongGioBachGia.2013.E20.mp4</link>
<thumbnail>http://media.dangcaphd.com/public/cba6ba5b9c1077b839c59ea500ffa72b_thumb.jpg</thumbnail>
<title>Sóng Gió Bạch Gia - The War Of The Beauties - 2013 - Tập 21</title>
<link>http://server3.dangcaphd.com/p4R4cDQnzcUagcNa/phimbo0710/SongGioBachGia.2013/SongGioBachGia.2013.E21.mp4</link>
<thumbnail>http://media.dangcaphd.com/public/cba6ba5b9c1077b839c59ea500ffa72b_thumb.jpg</thumbnail>
<title>Sóng Gió Bạch Gia - The War Of The Beauties - 2013 - Tập 22</title>
<link>http://server3.dangcaphd.com/p4R4cDQnzcUagcNa/phimbo0710/SongGioBachGia.2013/SongGioBachGia.2013.E22.mp4</link>
<thumbnail>http://media.dangcaphd.com/public/cba6ba5b9c1077b839c59ea500ffa72b_thumb.jpg</thumbnail>
<title>Sóng Gió Bạch Gia - The War Of The Beauties - 2013 - Tập 23</title>
<link>http://server3.dangcaphd.com/p4R4cDQnzcUagcNa/phimbo0710/SongGioBachGia.2013/SongGioBachGia.2013.E23.mp4</link>
<thumbnail>http://media.dangcaphd.com/public/cba6ba5b9c1077b839c59ea500ffa72b_thumb.jpg</thumbnail>
<title>Sóng Gió Bạch Gia - The War Of The Beauties - 2013 - Tập 24</title>
<link>http://server3.dangcaphd.com/p4R4cDQnzcUagcNa/phimbo0710/SongGioBachGia.2013/SongGioBachGia.2013.E24.mp4</link>
<thumbnail>http://media.dangcaphd.com/public/cba6ba5b9c1077b839c59ea500ffa72b_thumb.jpg</thumbnail>
<title>Sóng Gió Bạch Gia - The War Of The Beauties - 2013 - Tập 25</title>
<link>http://server3.dangcaphd.com/p4R4cDQnzcUagcNa/phimbo0710/SongGioBachGia.2013/SongGioBachGia.2013.E25.mp4</link>
<thumbnail>http://media.dangcaphd.com/public/cba6ba5b9c1077b839c59ea500ffa72b_thumb.jpg</thumbnail>
<title>Sóng Gió Bạch Gia - The War Of The Beauties - 2013 - Tập 26</title>
<link>http://server3.dangcaphd.com/p4R4cDQnzcUagcNa/phimbo0710/SongGioBachGia.2013/SongGioBachGia.2013.E26.mp4</link>
<thumbnail>http://media.dangcaphd.com/public/cba6ba5b9c1077b839c59ea500ffa72b_thumb.jpg</thumbnail>
<title>Sóng Gió Bạch Gia - The War Of The Beauties - 2013 - Tập 27</title>
<link>http://server3.dangcaphd.com/p4R4cDQnzcUagcNa/phimbo0710/SongGioBachGia.2013/SongGioBachGia.2013.E27.mp4</link>
<thumbnail>http://media.dangcaphd.com/public/cba6ba5b9c1077b839c59ea500ffa72b_thumb.jpg</thumbnail>
<title>Sóng Gió Bạch Gia - The War Of The Beauties - 2013 - Tập 28</title>
<link>http://server3.dangcaphd.com/p4R4cDQnzcUagcNa/phimbo0710/SongGioBachGia.2013/SongGioBachGia.2013.E28.mp4</link>
<thumbnail>http://media.dangcaphd.com/public/cba6ba5b9c1077b839c59ea500ffa72b_thumb.jpg</thumbnail>
<title>Sóng Gió Bạch Gia - The War Of The Beauties - 2013 - Tập 29</title>
<link>http://server3.dangcaphd.com/p4R4cDQnzcUagcNa/phimbo0710/SongGioBachGia.2013/SongGioBachGia.2013.E29.mp4</link>
<thumbnail>http://media.dangcaphd.com/public/cba6ba5b9c1077b839c59ea500ffa72b_thumb.jpg</thumbnail>
<title>Sóng Gió Bạch Gia - The War Of The Beauties - 2013 - Tập 30</title>
<link>http://server3.dangcaphd.com/p4R4cDQnzcUagcNa/phimbo0710/SongGioBachGia.2013/SongGioBachGia.2013.E30.mp4</link>
<thumbnail>http://media.dangcaphd.com/public/cba6ba5b9c1077b839c59ea500ffa72b_thumb.jpg</thumbnail>
<title>Sóng Gió Bạch Gia - The War Of The Beauties - 2013 - Tập 31</title>
<link>http://server3.dangcaphd.com/p4R4cDQnzcUagcNa/phimbo0710/SongGioBachGia.2013/SongGioBachGia.2013.E31.mp4</link>
<thumbnail>http://media.dangcaphd.com/public/cba6ba5b9c1077b839c59ea500ffa72b_thumb.jpg</thumbnail>
<title>Sóng Gió Bạch Gia - The War Of The Beauties - 2013 - Tập 32</title>
<link>http://server3.dangcaphd.com/p4R4cDQnzcUagcNa/phimbo0710/SongGioBachGia.2013/SongGioBachGia.2013.E32.mp4</link>
<thumbnail>http://media.dangcaphd.com/public/cba6ba5b9c1077b839c59ea500ffa72b_thumb.jpg</thumbnail>
<title>Sóng Gió Bạch Gia - The War Of The Beauties - 2013 - Tập 33</title>
<link>http://server3.dangcaphd.com/p4R4cDQnzcUagcNa/phimbo0710/SongGioBachGia.2013/SongGioBachGia.2013.E33.mp4</link>
<thumbnail>http://media.dangcaphd.com/public/cba6ba5b9c1077b839c59ea500ffa72b_thumb.jpg</thumbnail>
<title>Sóng Gió Bạch Gia - The War Of The Beauties - 2013 - Tập 34</title>
<link>http://server3.dangcaphd.com/p4R4cDQnzcUagcNa/phimbo0710/SongGioBachGia.2013/SongGioBachGia.2013.E34.mp4</link>
<thumbnail>http://media.dangcaphd.com/public/cba6ba5b9c1077b839c59ea500ffa72b_thumb.jpg</thumbnail>
<title>Sóng Gió Bạch Gia - The War Of The Beauties - 2013 - Tập 35</title>
<link>http://server3.dangcaphd.com/p4R4cDQnzcUagcNa/phimbo0710/SongGioBachGia.2013/SongGioBachGia.2013.E35.mp4</link>
<thumbnail>http://media.dangcaphd.com/public/cba6ba5b9c1077b839c59ea500ffa72b_thumb.jpg</thumbnail>
<title>Sóng Gió Bạch Gia - The War Of The Beauties - 2013 - Tập 36</title>
<link>http://server3.dangcaphd.com/p4R4cDQnzcUagcNa/phimbo0710/SongGioBachGia.2013/SongGioBachGia.2013.E36.mp4</link>
<thumbnail>http://media.dangcaphd.com/public/cba6ba5b9c1077b839c59ea500ffa72b_thumb.jpg</thumbnail>
<title>Sóng Gió Bạch Gia - The War Of The Beauties - 2013 - Tập 37</title>
<link>http://server3.dangcaphd.com/p4R4cDQnzcUagcNa/phimbo0710/SongGioBachGia.2013/SongGioBachGia.2013.E37.mp4</link>
<thumbnail>http://media.dangcaphd.com/public/cba6ba5b9c1077b839c59ea500ffa72b_thumb.jpg</thumbnail>
<title>Sóng Gió Bạch Gia - The War Of The Beauties - 2013 - Tập 38</title>
<link>http://server3.dangcaphd.com/p4R4cDQnzcUagcNa/phimbo0710/SongGioBachGia.2013/SongGioBachGia.2013.E38.mp4</link>
<thumbnail>http://media.dangcaphd.com/public/cba6ba5b9c1077b839c59ea500ffa72b_thumb.jpg</thumbnail>
<title>Sóng Gió Bạch Gia - The War Of The Beauties - 2013 - Tập 39</title>
<link>http://server3.dangcaphd.com/p4R4cDQnzcUagcNa/phimbo0710/SongGioBachGia.2013/SongGioBachGia.2013.E39.mp4</link>
<thumbnail>http://media.dangcaphd.com/public/cba6ba5b9c1077b839c59ea500ffa72b_thumb.jpg</thumbnail>
<title>Sóng Gió Bạch Gia - The War Of The Beauties - 2013 - Tập 40</title>
<link>http://server3.dangcaphd.com/p4R4cDQnzcUagcNa/phimbo0710/SongGioBachGia.2013/SongGioBachGia.2013.E40.mp4</link>
<thumbnail>http://media.dangcaphd.com/public/cba6ba5b9c1077b839c59ea500ffa72b_thumb.jpg</thumbnail>
<title>Sóng Gió Bạch Gia - The War Of The Beauties - 2013 - Tập 41</title>
<link>http://server3.dangcaphd.com/p4R4cDQnzcUagcNa/phimbo0710/SongGioBachGia.2013/SongGioBachGia.2013.E41.mp4</link>
<thumbnail>http://media.dangcaphd.com/public/cba6ba5b9c1077b839c59ea500ffa72b_thumb.jpg</thumbnail>
<title>Sóng Gió Bạch Gia - The War Of The Beauties - 2013 - Tập 42</title>
<link>http://server3.dangcaphd.com/p4R4cDQnzcUagcNa/phimbo0710/SongGioBachGia.2013/SongGioBachGia.2013.E42.mp4</link>
<thumbnail>http://media.dangcaphd.com/public/cba6ba5b9c1077b839c59ea500ffa72b_thumb.jpg</thumbnail>
<title>Sóng Gió Bạch Gia - The War Of The Beauties - 2013 - Tập 43</title>
<link>http://server3.dangcaphd.com/p4R4cDQnzcUagcNa/phimbo0710/SongGioBachGia.2013/SongGioBachGia.2013.E43.mp4</link>
<thumbnail>http://media.dangcaphd.com/public/cba6ba5b9c1077b839c59ea500ffa72b_thumb.jpg</thumbnail>
<title>Sóng Gió Bạch Gia - The War Of The Beauties - 2013 - Tập 44</title>
<link>http://server3.dangcaphd.com/p4R4cDQnzcUagcNa/phimbo0710/SongGioBachGia.2013/SongGioBachGia.2013.E44.mp4</link>
<thumbnail>http://media.dangcaphd.com/public/cba6ba5b9c1077b839c59ea500ffa72b_thumb.jpg</thumbnail>
<title>Sóng Gió Bạch Gia - The War Of The Beauties - 2013 - Tập 45</title>
<link>http://server3.dangcaphd.com/p4R4cDQnzcUagcNa/phimbo0710/SongGioBachGia.2013/SongGioBachGia.2013.E45.mp4</link>
<thumbnail>http://media.dangcaphd.com/public/cba6ba5b9c1077b839c59ea500ffa72b_thumb.jpg</thumbnail>
<title>Sóng Gió Bạch Gia - The War Of The Beauties - 2013 - Tập 46</title>
<link>http://server3.dangcaphd.com/p4R4cDQnzcUagcNa/phimbo0710/SongGioBachGia.2013/SongGioBachGia.2013.E46.mp4</link>
<thumbnail>http://media.dangcaphd.com/public/cba6ba5b9c1077b839c59ea500ffa72b_thumb.jpg</thumbnail>
<title>Sóng Gió Bạch Gia - The War Of The Beauties - 2013 - Tập 47</title>
<link>http://server3.dangcaphd.com/p4R4cDQnzcUagcNa/phimbo0710/SongGioBachGia.2013/SongGioBachGia.2013.E47.mp4</link>
<thumbnail>http://media.dangcaphd.com/public/cba6ba5b9c1077b839c59ea500ffa72b_thumb.jpg</thumbnail>
<title>Sóng Gió Bạch Gia - The War Of The Beauties - 2013 - Tập 48</title>
<link>http://server3.dangcaphd.com/p4R4cDQnzcUagcNa/phimbo0710/SongGioBachGia.2013/SongGioBachGia.2013.E48.mp4</link>
<thumbnail>http://media.dangcaphd.com/public/cba6ba5b9c1077b839c59ea500ffa72b_thumb.jpg</thumbnail>
<title>Legends Season 1 - Legends Phần 1 - 2014 (10/10 Tập) - Tập 1</title>
<link>http://server3.dangcaphd.com/p4R4cDQnzcUagcNa/phimbo0710/Legends.2014.S01/Legends.2014.S01E01.mp4</link>
<thumbnail>http://media.dangcaphd.com/public/5515ac19501d501f0156496d13af082e_thumb.jpg</thumbnail>
<title>Legends Season 1 - Legends Phần 1 - 2014 (10/10 Tập) - Tập 2</title>
<link>http://server3.dangcaphd.com/p4R4cDQnzcUagcNa/phimbo0710/Legends.2014.S01/Legends.2014.S01E02.mp4</link>
<thumbnail>http://media.dangcaphd.com/public/5515ac19501d501f0156496d13af082e_thumb.jpg</thumbnail>
<title>Legends Season 1 - Legends Phần 1 - 2014 (10/10 Tập) - Tập 3</title>
<link>http://server3.dangcaphd.com/p4R4cDQnzcUagcNa/phimbo0710/Legends.2014.S01/Legends.2014.S01E03.mp4</link>
<thumbnail>http://media.dangcaphd.com/public/5515ac19501d501f0156496d13af082e_thumb.jpg</thumbnail>
<title>Legends Season 1 - Legends Phần 1 - 2014 (10/10 Tập) - Tập 4</title>
<link>http://server3.dangcaphd.com/p4R4cDQnzcUagcNa/phimbo0710/Legends.2014.S01/Legends.2014.S01E04.mp4</link>
<thumbnail>http://media.dangcaphd.com/public/5515ac19501d501f0156496d13af082e_thumb.jpg</thumbnail>
<title>Legends Season 1 - Legends Phần 1 - 2014 (10/10 Tập) - Tập 5</title>
<link>http://server3.dangcaphd.com/p4R4cDQnzcUagcNa/phimbo0710/Legends.2014.S01/Legends.2014.S01E05.mp4</link>
<thumbnail>http://media.dangcaphd.com/public/5515ac19501d501f0156496d13af082e_thumb.jpg</thumbnail>
<title>Legends Season 1 - Legends Phần 1 - 2014 (10/10 Tập) - Tập 6</title>
<link>http://server3.dangcaphd.com/p4R4cDQnzcUagcNa/phimbo0710/Legends.2014.S01/Legends.2014.S01E06.mp4</link>
<thumbnail>http://media.dangcaphd.com/public/5515ac19501d501f0156496d13af082e_thumb.jpg</thumbnail>
<title>Legends Season 1 - Legends Phần 1 - 2014 (10/10 Tập) - Tập 7</title>
<link>http://server3.dangcaphd.com/p4R4cDQnzcUagcNa/phimbo0710/Legends.2014.S01/Legends.2014.S01E07.mp4</link>
<thumbnail>http://media.dangcaphd.com/public/5515ac19501d501f0156496d13af082e_thumb.jpg</thumbnail>
<title>Legends Season 1 - Legends Phần 1 - 2014 (10/10 Tập) - Tập 8</title>
<link>http://server3.dangcaphd.com/p4R4cDQnzcUagcNa/phimbo0710/Legends.2014.S01/Legends.2014.S01E08.mp4</link>
<thumbnail>http://media.dangcaphd.com/public/5515ac19501d501f0156496d13af082e_thumb.jpg</thumbnail>
<title>Legends Season 1 - Legends Phần 1 - 2014 (10/10 Tập) - Tập 9</title>
<link>http://server3.dangcaphd.com/p4R4cDQnzcUagcNa/phimbo0710/Legends.2014.S01/Legends.2014.S01E09.mp4</link>
<thumbnail>http://media.dangcaphd.com/public/5515ac19501d501f0156496d13af082e_thumb.jpg</thumbnail>
<title>Legends Season 1 - Legends Phần 1 - 2014 (10/10 Tập) - Tập 10</title>
<link>http://server3.dangcaphd.com/p4R4cDQnzcUagcNa/phimbo0710/Legends.2014.S01/Legends.2014.S01E10.mp4</link>
<thumbnail>http://media.dangcaphd.com/public/5515ac19501d501f0156496d13af082e_thumb.jpg</thumbnail>
<title>Stalker Season 1 - Kẻ Rình Rập Phần 1 - 2014 - Tập 1</title>
<link>http://server3.dangcaphd.com/p4R4cDQnzcUagcNa/phimbo0710/Stalker.S01/Stalker.S01E01.mp4</link>
<thumbnail>http://media.dangcaphd.com/public/e222e715dd4961dde1a6559701bf99cd_thumb.jpg</thumbnail>
<title>Stalker Season 1 - Kẻ Rình Rập Phần 1 - 2014 - Tập 2</title>
<link>http://server3.dangcaphd.com/p4R4cDQnzcUagcNa/phimbo0710/Stalker.S01/Stalker.S01E02.mp4</link>
<thumbnail>http://media.dangcaphd.com/public/e222e715dd4961dde1a6559701bf99cd_thumb.jpg</thumbnail>
<title>Stalker Season 1 - Kẻ Rình Rập Phần 1 - 2014 - Tập 3</title>
<link>http://server3.dangcaphd.com/p4R4cDQnzcUagcNa/phimbo0710/Stalker.S01/Stalker.S01E03.mp4</link>
<thumbnail>http://media.dangcaphd.com/public/e222e715dd4961dde1a6559701bf99cd_thumb.jpg</thumbnail>
<title>Stalker Season 1 - Kẻ Rình Rập Phần 1 - 2014 - Tập 4</title>
<link>http://server3.dangcaphd.com/p4R4cDQnzcUagcNa/phimbo0710/Stalker.S01/Stalker.S01E04.mp4</link>
<thumbnail>http://media.dangcaphd.com/public/e222e715dd4961dde1a6559701bf99cd_thumb.jpg</thumbnail>
<title>Stalker Season 1 - Kẻ Rình Rập Phần 1 - 2014 - Tập 5</title>
<link>http://server3.dangcaphd.com/p4R4cDQnzcUagcNa/phimbo0710/Stalker.S01/Stalker.S01E05.mp4</link>
<thumbnail>http://media.dangcaphd.com/public/e222e715dd4961dde1a6559701bf99cd_thumb.jpg</thumbnail>
<title>Stalker Season 1 - Kẻ Rình Rập Phần 1 - 2014 - Tập 6</title>
<link>http://server3.dangcaphd.com/p4R4cDQnzcUagcNa/phimbo0710/Stalker.S01/Stalker.S01E06.mp4</link>
<thumbnail>http://media.dangcaphd.com/public/e222e715dd4961dde1a6559701bf99cd_thumb.jpg</thumbnail>
<title>Stalker Season 1 - Kẻ Rình Rập Phần 1 - 2014 - Tập 7</title>
<link>http://server3.dangcaphd.com/p4R4cDQnzcUagcNa/phimbo0710/Stalker.S01/Stalker.S01E07.mp4</link>
<thumbnail>http://media.dangcaphd.com/public/e222e715dd4961dde1a6559701bf99cd_thumb.jpg</thumbnail>
<title>The Blacklist Season 2 - Bản Danh Sách Đen Phần 2 - 2014 (Tập 20/22) - Tập 1</title>
<link>http://server3.dangcaphd.com/p4R4cDQnzcUagcNa/phimbo0710/The.Blacklist.S02/The.Blacklist.S02E01.mp4</link>
<thumbnail>http://media.dangcaphd.com/public/d572089ae27d90b489367338b703f528_thumb.jpg</thumbnail>
<title>The Blacklist Season 2 - Bản Danh Sách Đen Phần 2 - 2014 (Tập 20/22) - Tập 2</title>
<link>http://server3.dangcaphd.com/p4R4cDQnzcUagcNa/phimbo0710/The.Blacklist.S02/The.Blacklist.S02E02.mp4</link>
<thumbnail>http://media.dangcaphd.com/public/d572089ae27d90b489367338b703f528_thumb.jpg</thumbnail>
<title>The Blacklist Season 2 - Bản Danh Sách Đen Phần 2 - 2014 (Tập 20/22) - Tập 3</title>
<link>http://server3.dangcaphd.com/p4R4cDQnzcUagcNa/phimbo0710/The.Blacklist.S02/The.Blacklist.S02E03.mp4</link>
<thumbnail>http://media.dangcaphd.com/public/d572089ae27d90b489367338b703f528_thumb.jpg</thumbnail>
<title>The Blacklist Season 2 - Bản Danh Sách Đen Phần 2 - 2014 (Tập 20/22) - Tập 4</title>
<link>http://server3.dangcaphd.com/p4R4cDQnzcUagcNa/phimbo0710/The.Blacklist.S02/The.Blacklist.S02E04.mp4</link>
<thumbnail>http://media.dangcaphd.com/public/d572089ae27d90b489367338b703f528_thumb.jpg</thumbnail>
<title>The Blacklist Season 2 - Bản Danh Sách Đen Phần 2 - 2014 (Tập 20/22) - Tập 5</title>
<link>http://server3.dangcaphd.com/p4R4cDQnzcUagcNa/phimbo0710/The.Blacklist.S02/The.Blacklist.S02E05.mp4</link>
<thumbnail>http://media.dangcaphd.com/public/d572089ae27d90b489367338b703f528_thumb.jpg</thumbnail>
<title>The Blacklist Season 2 - Bản Danh Sách Đen Phần 2 - 2014 (Tập 20/22) - Tập 6</title>
<link>http://server3.dangcaphd.com/p4R4cDQnzcUagcNa/phimbo0710/The.Blacklist.S02/The.Blacklist.S02E06.mp4</link>
<thumbnail>http://media.dangcaphd.com/public/d572089ae27d90b489367338b703f528_thumb.jpg</thumbnail>
<title>The Blacklist Season 2 - Bản Danh Sách Đen Phần 2 - 2014 (Tập 20/22) - Tập 7</title>
<link>http://server3.dangcaphd.com/p4R4cDQnzcUagcNa/phimbo0710/The.Blacklist.S02/The.Blacklist.S02E07.mp4</link>
<thumbnail>http://media.dangcaphd.com/public/d572089ae27d90b489367338b703f528_thumb.jpg</thumbnail>
<title>The Blacklist Season 2 - Bản Danh Sách Đen Phần 2 - 2014 (Tập 20/22) - Tập 8</title>
<link>http://server3.dangcaphd.com/p4R4cDQnzcUagcNa/phimbo0710/The.Blacklist.S02/The.Blacklist.S02E08.mp4</link>
<thumbnail>http://media.dangcaphd.com/public/d572089ae27d90b489367338b703f528_thumb.jpg</thumbnail>
<title>The Blacklist Season 2 - Bản Danh Sách Đen Phần 2 - 2014 (Tập 20/22) - Tập 9</title>
<link>http://server3.dangcaphd.com/p4R4cDQnzcUagcNa/phimbo0710/The.Blacklist.S02/The.Blacklist.S02E09.mp4</link>
<thumbnail>http://media.dangcaphd.com/public/d572089ae27d90b489367338b703f528_thumb.jpg</thumbnail>
<title>The Blacklist Season 2 - Bản Danh Sách Đen Phần 2 - 2014 (Tập 20/22) - Tập 10</title>
<link>http://server3.dangcaphd.com/p4R4cDQnzcUagcNa/phimbo0710/The.Blacklist.S02/The.Blacklist.S02E10.mp4</link>
<thumbnail>http://media.dangcaphd.com/public/d572089ae27d90b489367338b703f528_thumb.jpg</thumbnail>
<title>The Blacklist Season 2 - Bản Danh Sách Đen Phần 2 - 2014 (Tập 20/22) - Tập 11</title>
<link>http://server3.dangcaphd.com/p4R4cDQnzcUagcNa/phimbo0710/The.Blacklist.S02/The.Blacklist.S02E11.mp4</link>
<thumbnail>http://media.dangcaphd.com/public/d572089ae27d90b489367338b703f528_thumb.jpg</thumbnail>
<title>The Blacklist Season 2 - Bản Danh Sách Đen Phần 2 - 2014 (Tập 20/22) - Tập 12</title>
<link>http://server3.dangcaphd.com/p4R4cDQnzcUagcNa/phimbo0710/The.Blacklist.S02/The.Blacklist.S02E12.mp4</link>
<thumbnail>http://media.dangcaphd.com/public/d572089ae27d90b489367338b703f528_thumb.jpg</thumbnail>
<title>The Blacklist Season 2 - Bản Danh Sách Đen Phần 2 - 2014 (Tập 20/22) - Tập 13</title>
<link>http://server3.dangcaphd.com/p4R4cDQnzcUagcNa/phimbo0710/The.Blacklist.S02/The.Blacklist.S02E13.mp4</link>
<thumbnail>http://media.dangcaphd.com/public/d572089ae27d90b489367338b703f528_thumb.jpg</thumbnail>
<title>The Blacklist Season 2 - Bản Danh Sách Đen Phần 2 - 2014 (Tập 20/22) - Tập 14</title>
<link>http://server3.dangcaphd.com/p4R4cDQnzcUagcNa/phimbo0710/The.Blacklist.S02/The.Blacklist.S02E14.mp4</link>
<thumbnail>http://media.dangcaphd.com/public/d572089ae27d90b489367338b703f528_thumb.jpg</thumbnail>
<title>The Blacklist Season 2 - Bản Danh Sách Đen Phần 2 - 2014 (Tập 20/22) - Tập 15</title>
<link>http://server3.dangcaphd.com/p4R4cDQnzcUagcNa/phimbo0710/The.Blacklist.S02/The.Blacklist.S02E15.mp4</link>
<thumbnail>http://media.dangcaphd.com/public/d572089ae27d90b489367338b703f528_thumb.jpg</thumbnail>
<title>The Blacklist Season 2 - Bản Danh Sách Đen Phần 2 - 2014 (Tập 20/22) - Tập 16</title>
<link>http://server3.dangcaphd.com/p4R4cDQnzcUagcNa/phimbo0710/The.Blacklist.S02/The.Blacklist.S02E16.mp4</link>
<thumbnail>http://media.dangcaphd.com/public/d572089ae27d90b489367338b703f528_thumb.jpg</thumbnail>
<title>The Blacklist Season 2 - Bản Danh Sách Đen Phần 2 - 2014 (Tập 20/22) - Tập 17</title>
<link>http://server3.dangcaphd.com/p4R4cDQnzcUagcNa/phimbo0710/The.Blacklist.S02/The.Blacklist.S02E17.mp4</link>
<thumbnail>http://media.dangcaphd.com/public/d572089ae27d90b489367338b703f528_thumb.jpg</thumbnail>
<title>The Blacklist Season 2 - Bản Danh Sách Đen Phần 2 - 2014 (Tập 20/22) - Tập 18</title>
<link>http://server3.dangcaphd.com/p4R4cDQnzcUagcNa/phimbo0710/The.Blacklist.S02/The.Blacklist.S02E18.mp4</link>
<thumbnail>http://media.dangcaphd.com/public/d572089ae27d90b489367338b703f528_thumb.jpg</thumbnail>
<title>The Blacklist Season 2 - Bản Danh Sách Đen Phần 2 - 2014 (Tập 20/22) - Tập 19</title>
<link>http://server3.dangcaphd.com/p4R4cDQnzcUagcNa/phimbo0710/The.Blacklist.S02/The.Blacklist.S02E19.mp4</link>
<thumbnail>http://media.dangcaphd.com/public/d572089ae27d90b489367338b703f528_thumb.jpg</thumbnail>
<title>The Blacklist Season 2 - Bản Danh Sách Đen Phần 2 - 2014 (Tập 20/22) - Tập 20</title>
<link>http://server3.dangcaphd.com/p4R4cDQnzcUagcNa/phimbo0710/The.Blacklist.S02/The.Blacklist.S02E20.mp4</link>
<thumbnail>http://media.dangcaphd.com/public/d572089ae27d90b489367338b703f528_thumb.jpg</thumbnail>
<title>The Vampire Diaries Season 6 - Nhật Ký Ma Cà Rồng Phần 6 - 2014 (Tập 21/22) - Tập 1</title>
<link>http://server3.dangcaphd.com/p4R4cDQnzcUagcNa/phimbo0710/The.Vampire.Diaries.S06/The.Vampire.Diaries.S06E01.mp4</link>
<thumbnail>http://media.dangcaphd.com/public/d4b5c81788b427dd6adbbf9a93e95001_thumb.jpg</thumbnail>
<title>The Vampire Diaries Season 6 - Nhật Ký Ma Cà Rồng Phần 6 - 2014 (Tập 21/22) - Tập 2</title>
<link>http://server3.dangcaphd.com/p4R4cDQnzcUagcNa/phimbo0710/The.Vampire.Diaries.S06/The.Vampire.Diaries.S06E02.mp4</link>
<thumbnail>http://media.dangcaphd.com/public/d4b5c81788b427dd6adbbf9a93e95001_thumb.jpg</thumbnail>
<title>The Vampire Diaries Season 6 - Nhật Ký Ma Cà Rồng Phần 6 - 2014 (Tập 21/22) - Tập 3</title>
<link>http://server3.dangcaphd.com/p4R4cDQnzcUagcNa/phimbo0710/The.Vampire.Diaries.S06/The.Vampire.Diaries.S06E03.mp4</link>
<thumbnail>http://media.dangcaphd.com/public/d4b5c81788b427dd6adbbf9a93e95001_thumb.jpg</thumbnail>
<title>The Vampire Diaries Season 6 - Nhật Ký Ma Cà Rồng Phần 6 - 2014 (Tập 21/22) - Tập 4</title>
<link>http://server3.dangcaphd.com/p4R4cDQnzcUagcNa/phimbo0710/The.Vampire.Diaries.S06/The.Vampire.Diaries.S06E04.mp4</link>
<thumbnail>http://media.dangcaphd.com/public/d4b5c81788b427dd6adbbf9a93e95001_thumb.jpg</thumbnail>
<title>The Vampire Diaries Season 6 - Nhật Ký Ma Cà Rồng Phần 6 - 2014 (Tập 21/22) - Tập 5</title>
<link>http://server3.dangcaphd.com/p4R4cDQnzcUagcNa/phimbo0710/The.Vampire.Diaries.S06/The.Vampire.Diaries.S06E05.mp4</link>
<thumbnail>http://media.dangcaphd.com/public/d4b5c81788b427dd6adbbf9a93e95001_thumb.jpg</thumbnail>
<title>The Vampire Diaries Season 6 - Nhật Ký Ma Cà Rồng Phần 6 - 2014 (Tập 21/22) - Tập 6</title>
<link>http://server3.dangcaphd.com/p4R4cDQnzcUagcNa/phimbo0710/The.Vampire.Diaries.S06/The.Vampire.Diaries.S06E06.mp4</link>
<thumbnail>http://media.dangcaphd.com/public/d4b5c81788b427dd6adbbf9a93e95001_thumb.jpg</thumbnail>
<title>The Vampire Diaries Season 6 - Nhật Ký Ma Cà Rồng Phần 6 - 2014 (Tập 21/22) - Tập 7</title>
<link>http://server3.dangcaphd.com/p4R4cDQnzcUagcNa/phimbo0710/The.Vampire.Diaries.S06/The.Vampire.Diaries.S06E07.mp4</link>
<thumbnail>http://media.dangcaphd.com/public/d4b5c81788b427dd6adbbf9a93e95001_thumb.jpg</thumbnail>
<title>The Vampire Diaries Season 6 - Nhật Ký Ma Cà Rồng Phần 6 - 2014 (Tập 21/22) - Tập 8</title>
<link>http://server3.dangcaphd.com/p4R4cDQnzcUagcNa/phimbo0710/The.Vampire.Diaries.S06/The.Vampire.Diaries.S06E08.mp4</link>
<thumbnail>http://media.dangcaphd.com/public/d4b5c81788b427dd6adbbf9a93e95001_thumb.jpg</thumbnail>
<title>The Vampire Diaries Season 6 - Nhật Ký Ma Cà Rồng Phần 6 - 2014 (Tập 21/22) - Tập 9</title>
<link>http://server3.dangcaphd.com/p4R4cDQnzcUagcNa/phimbo0710/The.Vampire.Diaries.S06/The.Vampire.Diaries.S06E09.mp4</link>
<thumbnail>http://media.dangcaphd.com/public/d4b5c81788b427dd6adbbf9a93e95001_thumb.jpg</thumbnail>
<title>The Vampire Diaries Season 6 - Nhật Ký Ma Cà Rồng Phần 6 - 2014 (Tập 21/22) - Tập 10</title>
<link>http://server3.dangcaphd.com/p4R4cDQnzcUagcNa/phimbo0710/The.Vampire.Diaries.S06/The.Vampire.Diaries.S06E10.mp4</link>
<thumbnail>http://media.dangcaphd.com/public/d4b5c81788b427dd6adbbf9a93e95001_thumb.jpg</thumbnail>
<title>The Vampire Diaries Season 6 - Nhật Ký Ma Cà Rồng Phần 6 - 2014 (Tập 21/22) - Tập 11</title>
<link>http://server3.dangcaphd.com/p4R4cDQnzcUagcNa/phimbo0710/The.Vampire.Diaries.S06/The.Vampire.Diaries.S06E11.mp4</link>
<thumbnail>http://media.dangcaphd.com/public/d4b5c81788b427dd6adbbf9a93e95001_thumb.jpg</thumbnail>
<title>The Vampire Diaries Season 6 - Nhật Ký Ma Cà Rồng Phần 6 - 2014 (Tập 21/22) - Tập 12</title>
<link>http://server3.dangcaphd.com/p4R4cDQnzcUagcNa/phimbo0710/The.Vampire.Diaries.S06/The.Vampire.Diaries.S06E12.mp4</link>
<thumbnail>http://media.dangcaphd.com/public/d4b5c81788b427dd6adbbf9a93e95001_thumb.jpg</thumbnail>
<title>The Vampire Diaries Season 6 - Nhật Ký Ma Cà Rồng Phần 6 - 2014 (Tập 21/22) - Tập 13</title>
<link>http://server3.dangcaphd.com/p4R4cDQnzcUagcNa/phimbo0710/The.Vampire.Diaries.S06/The.Vampire.Diaries.S06E13.mp4</link>
<thumbnail>http://media.dangcaphd.com/public/d4b5c81788b427dd6adbbf9a93e95001_thumb.jpg</thumbnail>
<title>The Vampire Diaries Season 6 - Nhật Ký Ma Cà Rồng Phần 6 - 2014 (Tập 21/22) - Tập 14</title>
<link>http://server3.dangcaphd.com/p4R4cDQnzcUagcNa/phimbo0710/The.Vampire.Diaries.S06/The.Vampire.Diaries.S06E14.mp4</link>
<thumbnail>http://media.dangcaphd.com/public/d4b5c81788b427dd6adbbf9a93e95001_thumb.jpg</thumbnail>
<title>The Vampire Diaries Season 6 - Nhật Ký Ma Cà Rồng Phần 6 - 2014 (Tập 21/22) - Tập 15</title>
<link>http://server3.dangcaphd.com/p4R4cDQnzcUagcNa/phimbo0710/The.Vampire.Diaries.S06/The.Vampire.Diaries.S06E15.mp4</link>
<thumbnail>http://media.dangcaphd.com/public/d4b5c81788b427dd6adbbf9a93e95001_thumb.jpg</thumbnail>
<title>The Vampire Diaries Season 6 - Nhật Ký Ma Cà Rồng Phần 6 - 2014 (Tập 21/22) - Tập 16</title>
<link>http://server3.dangcaphd.com/p4R4cDQnzcUagcNa/phimbo0710/The.Vampire.Diaries.S06/The.Vampire.Diaries.S06E16.mp4</link>
<thumbnail>http://media.dangcaphd.com/public/d4b5c81788b427dd6adbbf9a93e95001_thumb.jpg</thumbnail>
<title>The Vampire Diaries Season 6 - Nhật Ký Ma Cà Rồng Phần 6 - 2014 (Tập 21/22) - Tập 17</title>
<link>http://server3.dangcaphd.com/p4R4cDQnzcUagcNa/phimbo0710/The.Vampire.Diaries.S06/The.Vampire.Diaries.S06E17.mp4</link>
<thumbnail>http://media.dangcaphd.com/public/d4b5c81788b427dd6adbbf9a93e95001_thumb.jpg</thumbnail>
<title>The Vampire Diaries Season 6 - Nhật Ký Ma Cà Rồng Phần 6 - 2014 (Tập 21/22) - Tập 18</title>
<link>http://server3.dangcaphd.com/p4R4cDQnzcUagcNa/phimbo0710/The.Vampire.Diaries.S06/The.Vampire.Diaries.S06E18.mp4</link>
<thumbnail>http://media.dangcaphd.com/public/d4b5c81788b427dd6adbbf9a93e95001_thumb.jpg</thumbnail>
<title>The Vampire Diaries Season 6 - Nhật Ký Ma Cà Rồng Phần 6 - 2014 (Tập 21/22) - Tập 19</title>
<link>http://server3.dangcaphd.com/p4R4cDQnzcUagcNa/phimbo0710/The.Vampire.Diaries.S06/The.Vampire.Diaries.S06E19.mp4</link>
<thumbnail>http://media.dangcaphd.com/public/d4b5c81788b427dd6adbbf9a93e95001_thumb.jpg</thumbnail>
<title>The Vampire Diaries Season 6 - Nhật Ký Ma Cà Rồng Phần 6 - 2014 (Tập 21/22) - Tập 20</title>
<link>http://server3.dangcaphd.com/p4R4cDQnzcUagcNa/phimbo0710/The.Vampire.Diaries.S06/The.Vampire.Diaries.S06E20.mp4</link>
<thumbnail>http://media.dangcaphd.com/public/d4b5c81788b427dd6adbbf9a93e95001_thumb.jpg</thumbnail>
<title>The Vampire Diaries Season 6 - Nhật Ký Ma Cà Rồng Phần 6 - 2014 (Tập 21/22) - Tập 21</title>
<link>http://server3.dangcaphd.com/p4R4cDQnzcUagcNa/phimbo0710/The.Vampire.Diaries.S06/The.Vampire.Diaries.S06E21.mp4</link>
<thumbnail>http://media.dangcaphd.com/public/d4b5c81788b427dd6adbbf9a93e95001_thumb.jpg</thumbnail>
</stream>




