<?xml version="1.0" encoding="utf-8" standalone="yes"?>
<stream>
<title>Alone In Love - Cô Đơn Trong Tình Yêu (2006) - Tập 1</title>
<link>http://server1.dangcaphd.com/p6jdqdE5QKfXAYgVphim/phimbo/Alone in Love.2006/Alone.in.Love.E01.mp4</link>
<thumbnail>http://media.dangcaphd.com/public/063d82c57dae71440e68c832fed9f2fc_thumb.jpg</thumbnail>
<title>Alone In Love - Cô Đơn Trong Tình Yêu (2006) - Tập 2</title>
<link>http://server1.dangcaphd.com/p6jdqdE5QKfXAYgVphim/phimbo/Alone in Love.2006/Alone.in.Love.E02.mp4</link>
<thumbnail>http://media.dangcaphd.com/public/063d82c57dae71440e68c832fed9f2fc_thumb.jpg</thumbnail>
<title>Alone In Love - Cô Đơn Trong Tình Yêu (2006) - Tập 3</title>
<link>http://server1.dangcaphd.com/p6jdqdE5QKfXAYgVphim/phimbo/Alone in Love.2006/Alone.in.Love.E03.mp4</link>
<thumbnail>http://media.dangcaphd.com/public/063d82c57dae71440e68c832fed9f2fc_thumb.jpg</thumbnail>
<title>Alone In Love - Cô Đơn Trong Tình Yêu (2006) - Tập 4</title>
<link>http://server1.dangcaphd.com/p6jdqdE5QKfXAYgVphim/phimbo/Alone in Love.2006/Alone.in.Love.E04.mp4</link>
<thumbnail>http://media.dangcaphd.com/public/063d82c57dae71440e68c832fed9f2fc_thumb.jpg</thumbnail>
<title>Alone In Love - Cô Đơn Trong Tình Yêu (2006) - Tập 5</title>
<link>http://server1.dangcaphd.com/p6jdqdE5QKfXAYgVphim/phimbo/Alone in Love.2006/Alone.in.Love.E05.mp4</link>
<thumbnail>http://media.dangcaphd.com/public/063d82c57dae71440e68c832fed9f2fc_thumb.jpg</thumbnail>
<title>Alone In Love - Cô Đơn Trong Tình Yêu (2006) - Tập 6</title>
<link>http://server1.dangcaphd.com/p6jdqdE5QKfXAYgVphim/phimbo/Alone in Love.2006/Alone.in.Love.E06.mp4</link>
<thumbnail>http://media.dangcaphd.com/public/063d82c57dae71440e68c832fed9f2fc_thumb.jpg</thumbnail>
<title>Alone In Love - Cô Đơn Trong Tình Yêu (2006) - Tập 7</title>
<link>http://server1.dangcaphd.com/p6jdqdE5QKfXAYgVphim/phimbo/Alone in Love.2006/Alone.in.Love.E07.mp4</link>
<thumbnail>http://media.dangcaphd.com/public/063d82c57dae71440e68c832fed9f2fc_thumb.jpg</thumbnail>
<title>Alone In Love - Cô Đơn Trong Tình Yêu (2006) - Tập 8</title>
<link>http://server1.dangcaphd.com/p6jdqdE5QKfXAYgVphim/phimbo/Alone in Love.2006/Alone.in.Love.E08.mp4</link>
<thumbnail>http://media.dangcaphd.com/public/063d82c57dae71440e68c832fed9f2fc_thumb.jpg</thumbnail>
<title>Alone In Love - Cô Đơn Trong Tình Yêu (2006) - Tập 9</title>
<link>http://server1.dangcaphd.com/p6jdqdE5QKfXAYgVphim/phimbo/Alone in Love.2006/Alone.in.Love.E09.mp4</link>
<thumbnail>http://media.dangcaphd.com/public/063d82c57dae71440e68c832fed9f2fc_thumb.jpg</thumbnail>
<title>Alone In Love - Cô Đơn Trong Tình Yêu (2006) - Tập 10</title>
<link>http://server1.dangcaphd.com/p6jdqdE5QKfXAYgVphim/phimbo/Alone in Love.2006/Alone.in.Love.E10.mp4</link>
<thumbnail>http://media.dangcaphd.com/public/063d82c57dae71440e68c832fed9f2fc_thumb.jpg</thumbnail>
<title>Alone In Love - Cô Đơn Trong Tình Yêu (2006) - Tập 11</title>
<link>http://server1.dangcaphd.com/p6jdqdE5QKfXAYgVphim/phimbo/Alone in Love.2006/Alone.in.Love.E11.mp4</link>
<thumbnail>http://media.dangcaphd.com/public/063d82c57dae71440e68c832fed9f2fc_thumb.jpg</thumbnail>
<title>Alone In Love - Cô Đơn Trong Tình Yêu (2006) - Tập 12</title>
<link>http://server1.dangcaphd.com/p6jdqdE5QKfXAYgVphim/phimbo/Alone in Love.2006/Alone.in.Love.E12.mp4</link>
<thumbnail>http://media.dangcaphd.com/public/063d82c57dae71440e68c832fed9f2fc_thumb.jpg</thumbnail>
<title>Alone In Love - Cô Đơn Trong Tình Yêu (2006) - Tập 13</title>
<link>http://server1.dangcaphd.com/p6jdqdE5QKfXAYgVphim/phimbo/Alone in Love.2006/Alone.in.Love.E13.mp4</link>
<thumbnail>http://media.dangcaphd.com/public/063d82c57dae71440e68c832fed9f2fc_thumb.jpg</thumbnail>
<title>Alone In Love - Cô Đơn Trong Tình Yêu (2006) - Tập 14</title>
<link>http://server1.dangcaphd.com/p6jdqdE5QKfXAYgVphim/phimbo/Alone in Love.2006/Alone.in.Love.E14.mp4</link>
<thumbnail>http://media.dangcaphd.com/public/063d82c57dae71440e68c832fed9f2fc_thumb.jpg</thumbnail>
<title>Alone In Love - Cô Đơn Trong Tình Yêu (2006) - Tập 15</title>
<link>http://server1.dangcaphd.com/p6jdqdE5QKfXAYgVphim/phimbo/Alone in Love.2006/Alone.in.Love.E15.mp4</link>
<thumbnail>http://media.dangcaphd.com/public/063d82c57dae71440e68c832fed9f2fc_thumb.jpg</thumbnail>
<title>Alone In Love - Cô Đơn Trong Tình Yêu (2006) - Tập 16</title>
<link>http://server1.dangcaphd.com/p6jdqdE5QKfXAYgVphim/phimbo/Alone in Love.2006/Alone.in.Love.E16.mp4</link>
<thumbnail>http://media.dangcaphd.com/public/063d82c57dae71440e68c832fed9f2fc_thumb.jpg</thumbnail>
<title>Three Kingdoms - Tân Tam Quốc Chí (2010) - Tập 1</title>
<link>http://server1.dangcaphd.com/p6jdqdE5QKfXAYgVphim/phimbo/Tam quoc 2010/Three.Kingdoms.Ep01.mp4</link>
<thumbnail>http://media.dangcaphd.com/public/9eeacae9b2b5eadfa33af9f10e3d26ca_thumb.jpg</thumbnail>
<title>Three Kingdoms - Tân Tam Quốc Chí (2010) - Tập 2</title>
<link>http://server1.dangcaphd.com/p6jdqdE5QKfXAYgVphim/phimbo/Tam quoc 2010/Three.Kingdoms.Ep02.mp4</link>
<thumbnail>http://media.dangcaphd.com/public/9eeacae9b2b5eadfa33af9f10e3d26ca_thumb.jpg</thumbnail>
<title>Three Kingdoms - Tân Tam Quốc Chí (2010) - Tập 3</title>
<link>http://server1.dangcaphd.com/p6jdqdE5QKfXAYgVphim/phimbo/Tam quoc 2010/Three.Kingdoms.Ep03.mp4</link>
<thumbnail>http://media.dangcaphd.com/public/9eeacae9b2b5eadfa33af9f10e3d26ca_thumb.jpg</thumbnail>
<title>Three Kingdoms - Tân Tam Quốc Chí (2010) - Tập 4</title>
<link>http://server1.dangcaphd.com/p6jdqdE5QKfXAYgVphim/phimbo/Tam quoc 2010/Three.Kingdoms.Ep04.mp4</link>
<thumbnail>http://media.dangcaphd.com/public/9eeacae9b2b5eadfa33af9f10e3d26ca_thumb.jpg</thumbnail>
<title>Three Kingdoms - Tân Tam Quốc Chí (2010) - Tập 5</title>
<link>http://server1.dangcaphd.com/p6jdqdE5QKfXAYgVphim/phimbo/Tam quoc 2010/Three.Kingdoms.Ep05.mp4</link>
<thumbnail>http://media.dangcaphd.com/public/9eeacae9b2b5eadfa33af9f10e3d26ca_thumb.jpg</thumbnail>
<title>Three Kingdoms - Tân Tam Quốc Chí (2010) - Tập 6</title>
<link>http://server1.dangcaphd.com/p6jdqdE5QKfXAYgVphim/phimbo/Tam quoc 2010/Three.Kingdoms.Ep06.mp4</link>
<thumbnail>http://media.dangcaphd.com/public/9eeacae9b2b5eadfa33af9f10e3d26ca_thumb.jpg</thumbnail>
<title>Three Kingdoms - Tân Tam Quốc Chí (2010) - Tập 7</title>
<link>http://server1.dangcaphd.com/p6jdqdE5QKfXAYgVphim/phimbo/Tam quoc 2010/Three.Kingdoms.Ep07.mp4</link>
<thumbnail>http://media.dangcaphd.com/public/9eeacae9b2b5eadfa33af9f10e3d26ca_thumb.jpg</thumbnail>
<title>Three Kingdoms - Tân Tam Quốc Chí (2010) - Tập 8</title>
<link>http://server1.dangcaphd.com/p6jdqdE5QKfXAYgVphim/phimbo/Tam quoc 2010/Three.Kingdoms.Ep08.mp4</link>
<thumbnail>http://media.dangcaphd.com/public/9eeacae9b2b5eadfa33af9f10e3d26ca_thumb.jpg</thumbnail>
<title>Three Kingdoms - Tân Tam Quốc Chí (2010) - Tập 9</title>
<link>http://server1.dangcaphd.com/p6jdqdE5QKfXAYgVphim/phimbo/Tam quoc 2010/Three.Kingdoms.Ep09.mp4</link>
<thumbnail>http://media.dangcaphd.com/public/9eeacae9b2b5eadfa33af9f10e3d26ca_thumb.jpg</thumbnail>
<title>Three Kingdoms - Tân Tam Quốc Chí (2010) - Tập 10</title>
<link>http://server1.dangcaphd.com/p6jdqdE5QKfXAYgVphim/phimbo/Tam quoc 2010/Three.Kingdoms.Ep10.mp4</link>
<thumbnail>http://media.dangcaphd.com/public/9eeacae9b2b5eadfa33af9f10e3d26ca_thumb.jpg</thumbnail>
<title>Three Kingdoms - Tân Tam Quốc Chí (2010) - Tập 11</title>
<link>http://server1.dangcaphd.com/p6jdqdE5QKfXAYgVphim/phimbo/Tam quoc 2010/Three.Kingdoms.Ep11.mp4</link>
<thumbnail>http://media.dangcaphd.com/public/9eeacae9b2b5eadfa33af9f10e3d26ca_thumb.jpg</thumbnail>
<title>Three Kingdoms - Tân Tam Quốc Chí (2010) - Tập 12</title>
<link>http://server1.dangcaphd.com/p6jdqdE5QKfXAYgVphim/phimbo/Tam quoc 2010/Three.Kingdoms.Ep12.mp4</link>
<thumbnail>http://media.dangcaphd.com/public/9eeacae9b2b5eadfa33af9f10e3d26ca_thumb.jpg</thumbnail>
<title>Three Kingdoms - Tân Tam Quốc Chí (2010) - Tập 13</title>
<link>http://server1.dangcaphd.com/p6jdqdE5QKfXAYgVphim/phimbo/Tam quoc 2010/Three.Kingdoms.Ep13.mp4</link>
<thumbnail>http://media.dangcaphd.com/public/9eeacae9b2b5eadfa33af9f10e3d26ca_thumb.jpg</thumbnail>
<title>Three Kingdoms - Tân Tam Quốc Chí (2010) - Tập 14</title>
<link>http://server1.dangcaphd.com/p6jdqdE5QKfXAYgVphim/phimbo/Tam quoc 2010/Three.Kingdoms.Ep14.mp4</link>
<thumbnail>http://media.dangcaphd.com/public/9eeacae9b2b5eadfa33af9f10e3d26ca_thumb.jpg</thumbnail>
<title>Three Kingdoms - Tân Tam Quốc Chí (2010) - Tập 15</title>
<link>http://server1.dangcaphd.com/p6jdqdE5QKfXAYgVphim/phimbo/Tam quoc 2010/Three.Kingdoms.Ep15.mp4</link>
<thumbnail>http://media.dangcaphd.com/public/9eeacae9b2b5eadfa33af9f10e3d26ca_thumb.jpg</thumbnail>
<title>Three Kingdoms - Tân Tam Quốc Chí (2010) - Tập 16</title>
<link>http://server1.dangcaphd.com/p6jdqdE5QKfXAYgVphim/phimbo/Tam quoc 2010/Three.Kingdoms.Ep16.mp4</link>
<thumbnail>http://media.dangcaphd.com/public/9eeacae9b2b5eadfa33af9f10e3d26ca_thumb.jpg</thumbnail>
<title>Three Kingdoms - Tân Tam Quốc Chí (2010) - Tập 17</title>
<link>http://server1.dangcaphd.com/p6jdqdE5QKfXAYgVphim/phimbo/Tam quoc 2010/Three.Kingdoms.Ep17.mp4</link>
<thumbnail>http://media.dangcaphd.com/public/9eeacae9b2b5eadfa33af9f10e3d26ca_thumb.jpg</thumbnail>
<title>Three Kingdoms - Tân Tam Quốc Chí (2010) - Tập 18</title>
<link>http://server1.dangcaphd.com/p6jdqdE5QKfXAYgVphim/phimbo/Tam quoc 2010/Three.Kingdoms.Ep18.mp4</link>
<thumbnail>http://media.dangcaphd.com/public/9eeacae9b2b5eadfa33af9f10e3d26ca_thumb.jpg</thumbnail>
<title>Three Kingdoms - Tân Tam Quốc Chí (2010) - Tập 19</title>
<link>http://server1.dangcaphd.com/p6jdqdE5QKfXAYgVphim/phimbo/Tam quoc 2010/Three.Kingdoms.Ep19.mp4</link>
<thumbnail>http://media.dangcaphd.com/public/9eeacae9b2b5eadfa33af9f10e3d26ca_thumb.jpg</thumbnail>
<title>Three Kingdoms - Tân Tam Quốc Chí (2010) - Tập 20</title>
<link>http://server1.dangcaphd.com/p6jdqdE5QKfXAYgVphim/phimbo/Tam quoc 2010/Three.Kingdoms.Ep20.mp4</link>
<thumbnail>http://media.dangcaphd.com/public/9eeacae9b2b5eadfa33af9f10e3d26ca_thumb.jpg</thumbnail>
<title>Three Kingdoms - Tân Tam Quốc Chí (2010) - Tập 21</title>
<link>http://server1.dangcaphd.com/p6jdqdE5QKfXAYgVphim/phimbo/Tam quoc 2010/Three.Kingdoms.Ep21.mp4</link>
<thumbnail>http://media.dangcaphd.com/public/9eeacae9b2b5eadfa33af9f10e3d26ca_thumb.jpg</thumbnail>
<title>Three Kingdoms - Tân Tam Quốc Chí (2010) - Tập 22</title>
<link>http://server1.dangcaphd.com/p6jdqdE5QKfXAYgVphim/phimbo/Tam quoc 2010/Three.Kingdoms.Ep22.mp4</link>
<thumbnail>http://media.dangcaphd.com/public/9eeacae9b2b5eadfa33af9f10e3d26ca_thumb.jpg</thumbnail>
<title>Three Kingdoms - Tân Tam Quốc Chí (2010) - Tập 23</title>
<link>http://server1.dangcaphd.com/p6jdqdE5QKfXAYgVphim/phimbo/Tam quoc 2010/Three.Kingdoms.Ep23.mp4</link>
<thumbnail>http://media.dangcaphd.com/public/9eeacae9b2b5eadfa33af9f10e3d26ca_thumb.jpg</thumbnail>
<title>Three Kingdoms - Tân Tam Quốc Chí (2010) - Tập 24</title>
<link>http://server1.dangcaphd.com/p6jdqdE5QKfXAYgVphim/phimbo/Tam quoc 2010/Three.Kingdoms.Ep24.mp4</link>
<thumbnail>http://media.dangcaphd.com/public/9eeacae9b2b5eadfa33af9f10e3d26ca_thumb.jpg</thumbnail>
<title>Three Kingdoms - Tân Tam Quốc Chí (2010) - Tập 25</title>
<link>http://server1.dangcaphd.com/p6jdqdE5QKfXAYgVphim/phimbo/Tam quoc 2010/Three.Kingdoms.Ep25.mp4</link>
<thumbnail>http://media.dangcaphd.com/public/9eeacae9b2b5eadfa33af9f10e3d26ca_thumb.jpg</thumbnail>
<title>Three Kingdoms - Tân Tam Quốc Chí (2010) - Tập 26</title>
<link>http://server1.dangcaphd.com/p6jdqdE5QKfXAYgVphim/phimbo/Tam quoc 2010/Three.Kingdoms.Ep26.mp4</link>
<thumbnail>http://media.dangcaphd.com/public/9eeacae9b2b5eadfa33af9f10e3d26ca_thumb.jpg</thumbnail>
<title>Three Kingdoms - Tân Tam Quốc Chí (2010) - Tập 27</title>
<link>http://server1.dangcaphd.com/p6jdqdE5QKfXAYgVphim/phimbo/Tam quoc 2010/Three.Kingdoms.Ep27.mp4</link>
<thumbnail>http://media.dangcaphd.com/public/9eeacae9b2b5eadfa33af9f10e3d26ca_thumb.jpg</thumbnail>
<title>Three Kingdoms - Tân Tam Quốc Chí (2010) - Tập 28</title>
<link>http://server1.dangcaphd.com/p6jdqdE5QKfXAYgVphim/phimbo/Tam quoc 2010/Three.Kingdoms.Ep28.mp4</link>
<thumbnail>http://media.dangcaphd.com/public/9eeacae9b2b5eadfa33af9f10e3d26ca_thumb.jpg</thumbnail>
<title>Three Kingdoms - Tân Tam Quốc Chí (2010) - Tập 29</title>
<link>http://server1.dangcaphd.com/p6jdqdE5QKfXAYgVphim/phimbo/Tam quoc 2010/Three.Kingdoms.Ep29.mp4</link>
<thumbnail>http://media.dangcaphd.com/public/9eeacae9b2b5eadfa33af9f10e3d26ca_thumb.jpg</thumbnail>
<title>Three Kingdoms - Tân Tam Quốc Chí (2010) - Tập 30</title>
<link>http://server1.dangcaphd.com/p6jdqdE5QKfXAYgVphim/phimbo/Tam quoc 2010/Three.Kingdoms.Ep30.mp4</link>
<thumbnail>http://media.dangcaphd.com/public/9eeacae9b2b5eadfa33af9f10e3d26ca_thumb.jpg</thumbnail>
<title>Three Kingdoms - Tân Tam Quốc Chí (2010) - Tập 31</title>
<link>http://server1.dangcaphd.com/p6jdqdE5QKfXAYgVphim/phimbo/Tam quoc 2010/Three.Kingdoms.Ep31.mp4</link>
<thumbnail>http://media.dangcaphd.com/public/9eeacae9b2b5eadfa33af9f10e3d26ca_thumb.jpg</thumbnail>
<title>Three Kingdoms - Tân Tam Quốc Chí (2010) - Tập 32</title>
<link>http://server1.dangcaphd.com/p6jdqdE5QKfXAYgVphim/phimbo/Tam quoc 2010/Three.Kingdoms.Ep32.mp4</link>
<thumbnail>http://media.dangcaphd.com/public/9eeacae9b2b5eadfa33af9f10e3d26ca_thumb.jpg</thumbnail>
<title>Three Kingdoms - Tân Tam Quốc Chí (2010) - Tập 33</title>
<link>http://server1.dangcaphd.com/p6jdqdE5QKfXAYgVphim/phimbo/Tam quoc 2010/Three.Kingdoms.Ep33.mp4</link>
<thumbnail>http://media.dangcaphd.com/public/9eeacae9b2b5eadfa33af9f10e3d26ca_thumb.jpg</thumbnail>
<title>Three Kingdoms - Tân Tam Quốc Chí (2010) - Tập 34</title>
<link>http://server1.dangcaphd.com/p6jdqdE5QKfXAYgVphim/phimbo/Tam quoc 2010/Three.Kingdoms.Ep34.mp4</link>
<thumbnail>http://media.dangcaphd.com/public/9eeacae9b2b5eadfa33af9f10e3d26ca_thumb.jpg</thumbnail>
<title>Three Kingdoms - Tân Tam Quốc Chí (2010) - Tập 35</title>
<link>http://server1.dangcaphd.com/p6jdqdE5QKfXAYgVphim/phimbo/Tam quoc 2010/Three.Kingdoms.Ep35.mp4</link>
<thumbnail>http://media.dangcaphd.com/public/9eeacae9b2b5eadfa33af9f10e3d26ca_thumb.jpg</thumbnail>
<title>Three Kingdoms - Tân Tam Quốc Chí (2010) - Tập 36</title>
<link>http://server1.dangcaphd.com/p6jdqdE5QKfXAYgVphim/phimbo/Tam quoc 2010/Three.Kingdoms.Ep36.mp4</link>
<thumbnail>http://media.dangcaphd.com/public/9eeacae9b2b5eadfa33af9f10e3d26ca_thumb.jpg</thumbnail>
<title>Three Kingdoms - Tân Tam Quốc Chí (2010) - Tập 37</title>
<link>http://server1.dangcaphd.com/p6jdqdE5QKfXAYgVphim/phimbo/Tam quoc 2010/Three.Kingdoms.Ep37.mp4</link>
<thumbnail>http://media.dangcaphd.com/public/9eeacae9b2b5eadfa33af9f10e3d26ca_thumb.jpg</thumbnail>
<title>Three Kingdoms - Tân Tam Quốc Chí (2010) - Tập 38</title>
<link>http://server1.dangcaphd.com/p6jdqdE5QKfXAYgVphim/phimbo/Tam quoc 2010/Three.Kingdoms.Ep38.mp4</link>
<thumbnail>http://media.dangcaphd.com/public/9eeacae9b2b5eadfa33af9f10e3d26ca_thumb.jpg</thumbnail>
<title>Three Kingdoms - Tân Tam Quốc Chí (2010) - Tập 39</title>
<link>http://server1.dangcaphd.com/p6jdqdE5QKfXAYgVphim/phimbo/Tam quoc 2010/Three.Kingdoms.Ep39.mp4</link>
<thumbnail>http://media.dangcaphd.com/public/9eeacae9b2b5eadfa33af9f10e3d26ca_thumb.jpg</thumbnail>
<title>Three Kingdoms - Tân Tam Quốc Chí (2010) - Tập 40</title>
<link>http://server1.dangcaphd.com/p6jdqdE5QKfXAYgVphim/phimbo/Tam quoc 2010/Three.Kingdoms.Ep40.mp4</link>
<thumbnail>http://media.dangcaphd.com/public/9eeacae9b2b5eadfa33af9f10e3d26ca_thumb.jpg</thumbnail>
<title>Three Kingdoms - Tân Tam Quốc Chí (2010) - Tập 41</title>
<link>http://server1.dangcaphd.com/p6jdqdE5QKfXAYgVphim/phimbo/Tam quoc 2010/Three.Kingdoms.Ep41.mp4</link>
<thumbnail>http://media.dangcaphd.com/public/9eeacae9b2b5eadfa33af9f10e3d26ca_thumb.jpg</thumbnail>
<title>Three Kingdoms - Tân Tam Quốc Chí (2010) - Tập 42</title>
<link>http://server1.dangcaphd.com/p6jdqdE5QKfXAYgVphim/phimbo/Tam quoc 2010/Three.Kingdoms.Ep42.mp4</link>
<thumbnail>http://media.dangcaphd.com/public/9eeacae9b2b5eadfa33af9f10e3d26ca_thumb.jpg</thumbnail>
<title>Three Kingdoms - Tân Tam Quốc Chí (2010) - Tập 43</title>
<link>http://server1.dangcaphd.com/p6jdqdE5QKfXAYgVphim/phimbo/Tam quoc 2010/Three.Kingdoms.Ep43.mp4</link>
<thumbnail>http://media.dangcaphd.com/public/9eeacae9b2b5eadfa33af9f10e3d26ca_thumb.jpg</thumbnail>
<title>Three Kingdoms - Tân Tam Quốc Chí (2010) - Tập 44</title>
<link>http://server1.dangcaphd.com/p6jdqdE5QKfXAYgVphim/phimbo/Tam quoc 2010/Three.Kingdoms.Ep44.mp4</link>
<thumbnail>http://media.dangcaphd.com/public/9eeacae9b2b5eadfa33af9f10e3d26ca_thumb.jpg</thumbnail>
<title>Three Kingdoms - Tân Tam Quốc Chí (2010) - Tập 45</title>
<link>http://server1.dangcaphd.com/p6jdqdE5QKfXAYgVphim/phimbo/Tam quoc 2010/Three.Kingdoms.Ep45.mp4</link>
<thumbnail>http://media.dangcaphd.com/public/9eeacae9b2b5eadfa33af9f10e3d26ca_thumb.jpg</thumbnail>
<title>Three Kingdoms - Tân Tam Quốc Chí (2010) - Tập 46</title>
<link>http://server1.dangcaphd.com/p6jdqdE5QKfXAYgVphim/phimbo/Tam quoc 2010/Three.Kingdoms.Ep46.mp4</link>
<thumbnail>http://media.dangcaphd.com/public/9eeacae9b2b5eadfa33af9f10e3d26ca_thumb.jpg</thumbnail>
<title>Three Kingdoms - Tân Tam Quốc Chí (2010) - Tập 47</title>
<link>http://server1.dangcaphd.com/p6jdqdE5QKfXAYgVphim/phimbo/Tam quoc 2010/Three.Kingdoms.Ep47.mp4</link>
<thumbnail>http://media.dangcaphd.com/public/9eeacae9b2b5eadfa33af9f10e3d26ca_thumb.jpg</thumbnail>
<title>Three Kingdoms - Tân Tam Quốc Chí (2010) - Tập 48</title>
<link>http://server1.dangcaphd.com/p6jdqdE5QKfXAYgVphim/phimbo/Tam quoc 2010/Three.Kingdoms.Ep48.mp4</link>
<thumbnail>http://media.dangcaphd.com/public/9eeacae9b2b5eadfa33af9f10e3d26ca_thumb.jpg</thumbnail>
<title>Three Kingdoms - Tân Tam Quốc Chí (2010) - Tập 49</title>
<link>http://server1.dangcaphd.com/p6jdqdE5QKfXAYgVphim/phimbo/Tam quoc 2010/Three.Kingdoms.Ep49.mp4</link>
<thumbnail>http://media.dangcaphd.com/public/9eeacae9b2b5eadfa33af9f10e3d26ca_thumb.jpg</thumbnail>
<title>Three Kingdoms - Tân Tam Quốc Chí (2010) - Tập 50</title>
<link>http://server1.dangcaphd.com/p6jdqdE5QKfXAYgVphim/phimbo/Tam quoc 2010/Three.Kingdoms.Ep50.mp4</link>
<thumbnail>http://media.dangcaphd.com/public/9eeacae9b2b5eadfa33af9f10e3d26ca_thumb.jpg</thumbnail>
<title>Three Kingdoms - Tân Tam Quốc Chí (2010) - Tập 51</title>
<link>http://server1.dangcaphd.com/p6jdqdE5QKfXAYgVphim/phimbo/Tam quoc 2010/Three.Kingdoms.Ep51.mp4</link>
<thumbnail>http://media.dangcaphd.com/public/9eeacae9b2b5eadfa33af9f10e3d26ca_thumb.jpg</thumbnail>
<title>Three Kingdoms - Tân Tam Quốc Chí (2010) - Tập 52</title>
<link>http://server1.dangcaphd.com/p6jdqdE5QKfXAYgVphim/phimbo/Tam quoc 2010/Three.Kingdoms.Ep52.mp4</link>
<thumbnail>http://media.dangcaphd.com/public/9eeacae9b2b5eadfa33af9f10e3d26ca_thumb.jpg</thumbnail>
<title>Three Kingdoms - Tân Tam Quốc Chí (2010) - Tập 53</title>
<link>http://server1.dangcaphd.com/p6jdqdE5QKfXAYgVphim/phimbo/Tam quoc 2010/Three.Kingdoms.Ep53.mp4</link>
<thumbnail>http://media.dangcaphd.com/public/9eeacae9b2b5eadfa33af9f10e3d26ca_thumb.jpg</thumbnail>
<title>Three Kingdoms - Tân Tam Quốc Chí (2010) - Tập 54</title>
<link>http://server1.dangcaphd.com/p6jdqdE5QKfXAYgVphim/phimbo/Tam quoc 2010/Three.Kingdoms.Ep54.mp4</link>
<thumbnail>http://media.dangcaphd.com/public/9eeacae9b2b5eadfa33af9f10e3d26ca_thumb.jpg</thumbnail>
<title>Three Kingdoms - Tân Tam Quốc Chí (2010) - Tập 55</title>
<link>http://server1.dangcaphd.com/p6jdqdE5QKfXAYgVphim/phimbo/Tam quoc 2010/Three.Kingdoms.Ep55.mp4</link>
<thumbnail>http://media.dangcaphd.com/public/9eeacae9b2b5eadfa33af9f10e3d26ca_thumb.jpg</thumbnail>
<title>Three Kingdoms - Tân Tam Quốc Chí (2010) - Tập 56</title>
<link>http://server1.dangcaphd.com/p6jdqdE5QKfXAYgVphim/phimbo/Tam quoc 2010/Three.Kingdoms.Ep56.mp4</link>
<thumbnail>http://media.dangcaphd.com/public/9eeacae9b2b5eadfa33af9f10e3d26ca_thumb.jpg</thumbnail>
<title>Three Kingdoms - Tân Tam Quốc Chí (2010) - Tập 57</title>
<link>http://server1.dangcaphd.com/p6jdqdE5QKfXAYgVphim/phimbo/Tam quoc 2010/Three.Kingdoms.Ep57.mp4</link>
<thumbnail>http://media.dangcaphd.com/public/9eeacae9b2b5eadfa33af9f10e3d26ca_thumb.jpg</thumbnail>
<title>Three Kingdoms - Tân Tam Quốc Chí (2010) - Tập 58</title>
<link>http://server1.dangcaphd.com/p6jdqdE5QKfXAYgVphim/phimbo/Tam quoc 2010/Three.Kingdoms.Ep58.mp4</link>
<thumbnail>http://media.dangcaphd.com/public/9eeacae9b2b5eadfa33af9f10e3d26ca_thumb.jpg</thumbnail>
<title>Three Kingdoms - Tân Tam Quốc Chí (2010) - Tập 59</title>
<link>http://server1.dangcaphd.com/p6jdqdE5QKfXAYgVphim/phimbo/Tam quoc 2010/Three.Kingdoms.Ep59.mp4</link>
<thumbnail>http://media.dangcaphd.com/public/9eeacae9b2b5eadfa33af9f10e3d26ca_thumb.jpg</thumbnail>
<title>Three Kingdoms - Tân Tam Quốc Chí (2010) - Tập 60</title>
<link>http://server1.dangcaphd.com/p6jdqdE5QKfXAYgVphim/phimbo/Tam quoc 2010/Three.Kingdoms.Ep60.mp4</link>
<thumbnail>http://media.dangcaphd.com/public/9eeacae9b2b5eadfa33af9f10e3d26ca_thumb.jpg</thumbnail>
<title>Three Kingdoms - Tân Tam Quốc Chí (2010) - Tập 61</title>
<link>http://server1.dangcaphd.com/p6jdqdE5QKfXAYgVphim/phimbo/Tam quoc 2010/Three.Kingdoms.Ep61.mp4</link>
<thumbnail>http://media.dangcaphd.com/public/9eeacae9b2b5eadfa33af9f10e3d26ca_thumb.jpg</thumbnail>
<title>Three Kingdoms - Tân Tam Quốc Chí (2010) - Tập 62</title>
<link>http://server1.dangcaphd.com/p6jdqdE5QKfXAYgVphim/phimbo/Tam quoc 2010/Three.Kingdoms.Ep62.mp4</link>
<thumbnail>http://media.dangcaphd.com/public/9eeacae9b2b5eadfa33af9f10e3d26ca_thumb.jpg</thumbnail>
<title>Three Kingdoms - Tân Tam Quốc Chí (2010) - Tập 63</title>
<link>http://server1.dangcaphd.com/p6jdqdE5QKfXAYgVphim/phimbo/Tam quoc 2010/Three.Kingdoms.Ep63.mp4</link>
<thumbnail>http://media.dangcaphd.com/public/9eeacae9b2b5eadfa33af9f10e3d26ca_thumb.jpg</thumbnail>
<title>Three Kingdoms - Tân Tam Quốc Chí (2010) - Tập 64</title>
<link>http://server1.dangcaphd.com/p6jdqdE5QKfXAYgVphim/phimbo/Tam quoc 2010/Three.Kingdoms.Ep64.mp4</link>
<thumbnail>http://media.dangcaphd.com/public/9eeacae9b2b5eadfa33af9f10e3d26ca_thumb.jpg</thumbnail>
<title>Three Kingdoms - Tân Tam Quốc Chí (2010) - Tập 65</title>
<link>http://server1.dangcaphd.com/p6jdqdE5QKfXAYgVphim/phimbo/Tam quoc 2010/Three.Kingdoms.Ep65.mp4</link>
<thumbnail>http://media.dangcaphd.com/public/9eeacae9b2b5eadfa33af9f10e3d26ca_thumb.jpg</thumbnail>
<title>Three Kingdoms - Tân Tam Quốc Chí (2010) - Tập 66</title>
<link>http://server1.dangcaphd.com/p6jdqdE5QKfXAYgVphim/phimbo/Tam quoc 2010/Three.Kingdoms.Ep66.mp4</link>
<thumbnail>http://media.dangcaphd.com/public/9eeacae9b2b5eadfa33af9f10e3d26ca_thumb.jpg</thumbnail>
<title>Three Kingdoms - Tân Tam Quốc Chí (2010) - Tập 67</title>
<link>http://server1.dangcaphd.com/p6jdqdE5QKfXAYgVphim/phimbo/Tam quoc 2010/Three.Kingdoms.Ep67.mp4</link>
<thumbnail>http://media.dangcaphd.com/public/9eeacae9b2b5eadfa33af9f10e3d26ca_thumb.jpg</thumbnail>
<title>Three Kingdoms - Tân Tam Quốc Chí (2010) - Tập 68</title>
<link>http://server1.dangcaphd.com/p6jdqdE5QKfXAYgVphim/phimbo/Tam quoc 2010/Three.Kingdoms.Ep68.mp4</link>
<thumbnail>http://media.dangcaphd.com/public/9eeacae9b2b5eadfa33af9f10e3d26ca_thumb.jpg</thumbnail>
<title>Three Kingdoms - Tân Tam Quốc Chí (2010) - Tập 69</title>
<link>http://server1.dangcaphd.com/p6jdqdE5QKfXAYgVphim/phimbo/Tam quoc 2010/Three.Kingdoms.Ep69.mp4</link>
<thumbnail>http://media.dangcaphd.com/public/9eeacae9b2b5eadfa33af9f10e3d26ca_thumb.jpg</thumbnail>
<title>Three Kingdoms - Tân Tam Quốc Chí (2010) - Tập 70</title>
<link>http://server1.dangcaphd.com/p6jdqdE5QKfXAYgVphim/phimbo/Tam quoc 2010/Three.Kingdoms.Ep70.mp4</link>
<thumbnail>http://media.dangcaphd.com/public/9eeacae9b2b5eadfa33af9f10e3d26ca_thumb.jpg</thumbnail>
<title>Three Kingdoms - Tân Tam Quốc Chí (2010) - Tập 71</title>
<link>http://server1.dangcaphd.com/p6jdqdE5QKfXAYgVphim/phimbo/Tam quoc 2010/Three.Kingdoms.Ep71.mp4</link>
<thumbnail>http://media.dangcaphd.com/public/9eeacae9b2b5eadfa33af9f10e3d26ca_thumb.jpg</thumbnail>
<title>Three Kingdoms - Tân Tam Quốc Chí (2010) - Tập 72</title>
<link>http://server1.dangcaphd.com/p6jdqdE5QKfXAYgVphim/phimbo/Tam quoc 2010/Three.Kingdoms.Ep72.mp4</link>
<thumbnail>http://media.dangcaphd.com/public/9eeacae9b2b5eadfa33af9f10e3d26ca_thumb.jpg</thumbnail>
<title>Three Kingdoms - Tân Tam Quốc Chí (2010) - Tập 73</title>
<link>http://server1.dangcaphd.com/p6jdqdE5QKfXAYgVphim/phimbo/Tam quoc 2010/Three.Kingdoms.Ep73.mp4</link>
<thumbnail>http://media.dangcaphd.com/public/9eeacae9b2b5eadfa33af9f10e3d26ca_thumb.jpg</thumbnail>
<title>Three Kingdoms - Tân Tam Quốc Chí (2010) - Tập 74</title>
<link>http://server1.dangcaphd.com/p6jdqdE5QKfXAYgVphim/phimbo/Tam quoc 2010/Three.Kingdoms.Ep74.mp4</link>
<thumbnail>http://media.dangcaphd.com/public/9eeacae9b2b5eadfa33af9f10e3d26ca_thumb.jpg</thumbnail>
<title>Three Kingdoms - Tân Tam Quốc Chí (2010) - Tập 75</title>
<link>http://server1.dangcaphd.com/p6jdqdE5QKfXAYgVphim/phimbo/Tam quoc 2010/Three.Kingdoms.Ep75.mp4</link>
<thumbnail>http://media.dangcaphd.com/public/9eeacae9b2b5eadfa33af9f10e3d26ca_thumb.jpg</thumbnail>
<title>Three Kingdoms - Tân Tam Quốc Chí (2010) - Tập 76</title>
<link>http://server1.dangcaphd.com/p6jdqdE5QKfXAYgVphim/phimbo/Tam quoc 2010/Three.Kingdoms.Ep76.mp4</link>
<thumbnail>http://media.dangcaphd.com/public/9eeacae9b2b5eadfa33af9f10e3d26ca_thumb.jpg</thumbnail>
<title>Three Kingdoms - Tân Tam Quốc Chí (2010) - Tập 77</title>
<link>http://server1.dangcaphd.com/p6jdqdE5QKfXAYgVphim/phimbo/Tam quoc 2010/Three.Kingdoms.Ep77.mp4</link>
<thumbnail>http://media.dangcaphd.com/public/9eeacae9b2b5eadfa33af9f10e3d26ca_thumb.jpg</thumbnail>
<title>Three Kingdoms - Tân Tam Quốc Chí (2010) - Tập 78</title>
<link>http://server1.dangcaphd.com/p6jdqdE5QKfXAYgVphim/phimbo/Tam quoc 2010/Three.Kingdoms.Ep78.mp4</link>
<thumbnail>http://media.dangcaphd.com/public/9eeacae9b2b5eadfa33af9f10e3d26ca_thumb.jpg</thumbnail>
<title>Three Kingdoms - Tân Tam Quốc Chí (2010) - Tập 79</title>
<link>http://server1.dangcaphd.com/p6jdqdE5QKfXAYgVphim/phimbo/Tam quoc 2010/Three.Kingdoms.Ep79.mp4</link>
<thumbnail>http://media.dangcaphd.com/public/9eeacae9b2b5eadfa33af9f10e3d26ca_thumb.jpg</thumbnail>
<title>Three Kingdoms - Tân Tam Quốc Chí (2010) - Tập 80</title>
<link>http://server1.dangcaphd.com/p6jdqdE5QKfXAYgVphim/phimbo/Tam quoc 2010/Three.Kingdoms.Ep80.mp4</link>
<thumbnail>http://media.dangcaphd.com/public/9eeacae9b2b5eadfa33af9f10e3d26ca_thumb.jpg</thumbnail>
<title>Three Kingdoms - Tân Tam Quốc Chí (2010) - Tập 81</title>
<link>http://server1.dangcaphd.com/p6jdqdE5QKfXAYgVphim/phimbo/Tam quoc 2010/Three.Kingdoms.Ep81.mp4</link>
<thumbnail>http://media.dangcaphd.com/public/9eeacae9b2b5eadfa33af9f10e3d26ca_thumb.jpg</thumbnail>
<title>Three Kingdoms - Tân Tam Quốc Chí (2010) - Tập 82</title>
<link>http://server1.dangcaphd.com/p6jdqdE5QKfXAYgVphim/phimbo/Tam quoc 2010/Three.Kingdoms.Ep82.mp4</link>
<thumbnail>http://media.dangcaphd.com/public/9eeacae9b2b5eadfa33af9f10e3d26ca_thumb.jpg</thumbnail>
<title>Three Kingdoms - Tân Tam Quốc Chí (2010) - Tập 83</title>
<link>http://server1.dangcaphd.com/p6jdqdE5QKfXAYgVphim/phimbo/Tam quoc 2010/Three.Kingdoms.Ep83.mp4</link>
<thumbnail>http://media.dangcaphd.com/public/9eeacae9b2b5eadfa33af9f10e3d26ca_thumb.jpg</thumbnail>
<title>Three Kingdoms - Tân Tam Quốc Chí (2010) - Tập 84</title>
<link>http://server1.dangcaphd.com/p6jdqdE5QKfXAYgVphim/phimbo/Tam quoc 2010/Three.Kingdoms.Ep84.mp4</link>
<thumbnail>http://media.dangcaphd.com/public/9eeacae9b2b5eadfa33af9f10e3d26ca_thumb.jpg</thumbnail>
<title>Three Kingdoms - Tân Tam Quốc Chí (2010) - Tập 85</title>
<link>http://server1.dangcaphd.com/p6jdqdE5QKfXAYgVphim/phimbo/Tam quoc 2010/Three.Kingdoms.Ep85.mp4</link>
<thumbnail>http://media.dangcaphd.com/public/9eeacae9b2b5eadfa33af9f10e3d26ca_thumb.jpg</thumbnail>
<title>How the Universe Works: Season 2 - Vũ Trụ Hoạt Động Thế Nào 2 (2011) - Tập 1</title>
<link>http://server1.dangcaphd.com/p6jdqdE5QKfXAYgVphim/phimbo/How.the.Universe.Works.S02/How.the.Universe.Works.S02E01.mp4</link>
<thumbnail>http://media.dangcaphd.com/public/e2441789f2ecdd5321273aed71450728_thumb.jpg</thumbnail>
<title>How the Universe Works: Season 2 - Vũ Trụ Hoạt Động Thế Nào 2 (2011) - Tập 2</title>
<link>http://server1.dangcaphd.com/p6jdqdE5QKfXAYgVphim/phimbo/How.the.Universe.Works.S02/How.the.Universe.Works.S02E02.mp4</link>
<thumbnail>http://media.dangcaphd.com/public/e2441789f2ecdd5321273aed71450728_thumb.jpg</thumbnail>
<title>How the Universe Works: Season 2 - Vũ Trụ Hoạt Động Thế Nào 2 (2011) - Tập 3</title>
<link>http://server1.dangcaphd.com/p6jdqdE5QKfXAYgVphim/phimbo/How.the.Universe.Works.S02/How.the.Universe.Works.S02E03.mp4</link>
<thumbnail>http://media.dangcaphd.com/public/e2441789f2ecdd5321273aed71450728_thumb.jpg</thumbnail>
<title>How the Universe Works: Season 2 - Vũ Trụ Hoạt Động Thế Nào 2 (2011) - Tập 4</title>
<link>http://server1.dangcaphd.com/p6jdqdE5QKfXAYgVphim/phimbo/How.the.Universe.Works.S02/How.the.Universe.Works.S02E04.mp4</link>
<thumbnail>http://media.dangcaphd.com/public/e2441789f2ecdd5321273aed71450728_thumb.jpg</thumbnail>
<title>How the Universe Works: Season 2 - Vũ Trụ Hoạt Động Thế Nào 2 (2011) - Tập 5</title>
<link>http://server1.dangcaphd.com/p6jdqdE5QKfXAYgVphim/phimbo/How.the.Universe.Works.S02/How.the.Universe.Works.S02E05.mp4</link>
<thumbnail>http://media.dangcaphd.com/public/e2441789f2ecdd5321273aed71450728_thumb.jpg</thumbnail>
<title>How the Universe Works: Season 2 - Vũ Trụ Hoạt Động Thế Nào 2 (2011) - Tập 6</title>
<link>http://server1.dangcaphd.com/p6jdqdE5QKfXAYgVphim/phimbo/How.the.Universe.Works.S02/How.the.Universe.Works.S02E06.mp4</link>
<thumbnail>http://media.dangcaphd.com/public/e2441789f2ecdd5321273aed71450728_thumb.jpg</thumbnail>
<title>How the Universe Works: Season 2 - Vũ Trụ Hoạt Động Thế Nào 2 (2011) - Tập 7</title>
<link>http://server1.dangcaphd.com/p6jdqdE5QKfXAYgVphim/phimbo/How.the.Universe.Works.S02/How.the.Universe.Works.S02E07.mp4</link>
<thumbnail>http://media.dangcaphd.com/public/e2441789f2ecdd5321273aed71450728_thumb.jpg</thumbnail>
<title>How the Universe Works: Season 2 - Vũ Trụ Hoạt Động Thế Nào 2 (2011) - Tập 8</title>
<link>http://server1.dangcaphd.com/p6jdqdE5QKfXAYgVphim/phimbo/How.the.Universe.Works.S02/How.the.Universe.Works.S02E08.mp4</link>
<thumbnail>http://media.dangcaphd.com/public/e2441789f2ecdd5321273aed71450728_thumb.jpg</thumbnail>
<title>Spartacus Season 3: War Of The Damned Spartacus -  Cuộc Chiến Nô Lệ - Tập 1</title>
<link>http://server1.dangcaphd.com/p6jdqdE5QKfXAYgVphim/phimbo/Spartacus.S03/Spartacus.S03E01.mp4</link>
<thumbnail>http://media.dangcaphd.com/public/5e1133f7b5341f863bec3d1a6f01a605_thumb.jpg</thumbnail>
<title>Spartacus Season 3: War Of The Damned Spartacus -  Cuộc Chiến Nô Lệ - Tập 2</title>
<link>http://server1.dangcaphd.com/p6jdqdE5QKfXAYgVphim/phimbo/Spartacus.S03/Spartacus.S03E02.mp4</link>
<thumbnail>http://media.dangcaphd.com/public/5e1133f7b5341f863bec3d1a6f01a605_thumb.jpg</thumbnail>
<title>Spartacus Season 3: War Of The Damned Spartacus -  Cuộc Chiến Nô Lệ - Tập 3</title>
<link>http://server1.dangcaphd.com/p6jdqdE5QKfXAYgVphim/phimbo/Spartacus.S03/Spartacus.S03E03.mp4</link>
<thumbnail>http://media.dangcaphd.com/public/5e1133f7b5341f863bec3d1a6f01a605_thumb.jpg</thumbnail>
<title>Spartacus Season 3: War Of The Damned Spartacus -  Cuộc Chiến Nô Lệ - Tập 4</title>
<link>http://server1.dangcaphd.com/p6jdqdE5QKfXAYgVphim/phimbo/Spartacus.S03/Spartacus.S03E04.mp4</link>
<thumbnail>http://media.dangcaphd.com/public/5e1133f7b5341f863bec3d1a6f01a605_thumb.jpg</thumbnail>
<title>Spartacus Season 3: War Of The Damned Spartacus -  Cuộc Chiến Nô Lệ - Tập 5</title>
<link>http://server1.dangcaphd.com/p6jdqdE5QKfXAYgVphim/phimbo/Spartacus.S03/Spartacus.S03E05.mp4</link>
<thumbnail>http://media.dangcaphd.com/public/5e1133f7b5341f863bec3d1a6f01a605_thumb.jpg</thumbnail>
<title>Spartacus Season 3: War Of The Damned Spartacus -  Cuộc Chiến Nô Lệ - Tập 6</title>
<link>http://server1.dangcaphd.com/p6jdqdE5QKfXAYgVphim/phimbo/Spartacus.S03/Spartacus.S03E06.mp4</link>
<thumbnail>http://media.dangcaphd.com/public/5e1133f7b5341f863bec3d1a6f01a605_thumb.jpg</thumbnail>
<title>Spartacus Season 3: War Of The Damned Spartacus -  Cuộc Chiến Nô Lệ - Tập 7</title>
<link>http://server1.dangcaphd.com/p6jdqdE5QKfXAYgVphim/phimbo/Spartacus.S03/Spartacus.S03E07.mp4</link>
<thumbnail>http://media.dangcaphd.com/public/5e1133f7b5341f863bec3d1a6f01a605_thumb.jpg</thumbnail>
<title>Spartacus Season 3: War Of The Damned Spartacus -  Cuộc Chiến Nô Lệ - Tập 8</title>
<link>http://server1.dangcaphd.com/p6jdqdE5QKfXAYgVphim/phimbo/Spartacus.S03/Spartacus.S03E08.mp4</link>
<thumbnail>http://media.dangcaphd.com/public/5e1133f7b5341f863bec3d1a6f01a605_thumb.jpg</thumbnail>
<title>Spartacus Season 3: War Of The Damned Spartacus -  Cuộc Chiến Nô Lệ - Tập 9</title>
<link>http://server1.dangcaphd.com/p6jdqdE5QKfXAYgVphim/phimbo/Spartacus.S03/Spartacus.S03E09.mp4</link>
<thumbnail>http://media.dangcaphd.com/public/5e1133f7b5341f863bec3d1a6f01a605_thumb.jpg</thumbnail>
<title>Spartacus Season 3: War Of The Damned Spartacus -  Cuộc Chiến Nô Lệ - Tập 10</title>
<link>http://server1.dangcaphd.com/p6jdqdE5QKfXAYgVphim/phimbo/Spartacus.S03/Spartacus.S03E10.mp4</link>
<thumbnail>http://media.dangcaphd.com/public/5e1133f7b5341f863bec3d1a6f01a605_thumb.jpg</thumbnail>
<title>Spartacus Season 2 - Báo Thù 2 - Tập 1</title>
<link>http://server1.dangcaphd.com/p6jdqdE5QKfXAYgVphim/phimbo/Spartacus.S02/Spartacus.S02E01.mp4</link>
<thumbnail>http://media.dangcaphd.com/public/76db494ce07de69547e7ffa609ed07cf_thumb.jpg</thumbnail>
<title>Spartacus Season 2 - Báo Thù 2 - Tập 2</title>
<link>http://server1.dangcaphd.com/p6jdqdE5QKfXAYgVphim/phimbo/Spartacus.S02/Spartacus.S02E02.mp4</link>
<thumbnail>http://media.dangcaphd.com/public/76db494ce07de69547e7ffa609ed07cf_thumb.jpg</thumbnail>
<title>Spartacus Season 2 - Báo Thù 2 - Tập 3</title>
<link>http://server1.dangcaphd.com/p6jdqdE5QKfXAYgVphim/phimbo/Spartacus.S02/Spartacus.S02E03.mp4</link>
<thumbnail>http://media.dangcaphd.com/public/76db494ce07de69547e7ffa609ed07cf_thumb.jpg</thumbnail>
<title>Spartacus Season 2 - Báo Thù 2 - Tập 4</title>
<link>http://server1.dangcaphd.com/p6jdqdE5QKfXAYgVphim/phimbo/Spartacus.S02/Spartacus.S02E04.mp4</link>
<thumbnail>http://media.dangcaphd.com/public/76db494ce07de69547e7ffa609ed07cf_thumb.jpg</thumbnail>
<title>Spartacus Season 2 - Báo Thù 2 - Tập 5</title>
<link>http://server1.dangcaphd.com/p6jdqdE5QKfXAYgVphim/phimbo/Spartacus.S02/Spartacus.S02E05.mp4</link>
<thumbnail>http://media.dangcaphd.com/public/76db494ce07de69547e7ffa609ed07cf_thumb.jpg</thumbnail>
<title>Spartacus Season 2 - Báo Thù 2 - Tập 6</title>
<link>http://server1.dangcaphd.com/p6jdqdE5QKfXAYgVphim/phimbo/Spartacus.S02/Spartacus.S02E06.mp4</link>
<thumbnail>http://media.dangcaphd.com/public/76db494ce07de69547e7ffa609ed07cf_thumb.jpg</thumbnail>
<title>Spartacus Season 2 - Báo Thù 2 - Tập 7</title>
<link>http://server1.dangcaphd.com/p6jdqdE5QKfXAYgVphim/phimbo/Spartacus.S02/Spartacus.S02E07.mp4</link>
<thumbnail>http://media.dangcaphd.com/public/76db494ce07de69547e7ffa609ed07cf_thumb.jpg</thumbnail>
<title>Spartacus Season 2 - Báo Thù 2 - Tập 8</title>
<link>http://server1.dangcaphd.com/p6jdqdE5QKfXAYgVphim/phimbo/Spartacus.S02/Spartacus.S02E08.mp4</link>
<thumbnail>http://media.dangcaphd.com/public/76db494ce07de69547e7ffa609ed07cf_thumb.jpg</thumbnail>
<title>Spartacus Season 2 - Báo Thù 2 - Tập 9</title>
<link>http://server1.dangcaphd.com/p6jdqdE5QKfXAYgVphim/phimbo/Spartacus.S02/Spartacus.S02E09.mp4</link>
<thumbnail>http://media.dangcaphd.com/public/76db494ce07de69547e7ffa609ed07cf_thumb.jpg</thumbnail>
<title>Spartacus Season 2 - Báo Thù 2 - Tập 10</title>
<link>http://server1.dangcaphd.com/p6jdqdE5QKfXAYgVphim/phimbo/Spartacus.S02/Spartacus.S02E10.mp4</link>
<thumbnail>http://media.dangcaphd.com/public/76db494ce07de69547e7ffa609ed07cf_thumb.jpg</thumbnail>
<title>The Vampire Diaries Season 2 - Nhật Ký Ma Cà Rồng 2 - 2010 - Tập 1</title>
<link>http://server1.dangcaphd.com/p6jdqdE5QKfXAYgVphim/phimbo/The Vampire Diaries/done/S02/The.Vampire.Diaries.S02E01.mp4</link>
<thumbnail>http://media.dangcaphd.com/public/8a4e7a045f2e0929c799da90218313a1_thumb.jpg</thumbnail>
<title>The Vampire Diaries Season 2 - Nhật Ký Ma Cà Rồng 2 - 2010 - Tập 2</title>
<link>http://server1.dangcaphd.com/p6jdqdE5QKfXAYgVphim/phimbo/The Vampire Diaries/done/S02/The.Vampire.Diaries.S02E02.mp4</link>
<thumbnail>http://media.dangcaphd.com/public/8a4e7a045f2e0929c799da90218313a1_thumb.jpg</thumbnail>
<title>The Vampire Diaries Season 2 - Nhật Ký Ma Cà Rồng 2 - 2010 - Tập 3</title>
<link>http://server1.dangcaphd.com/p6jdqdE5QKfXAYgVphim/phimbo/The Vampire Diaries/done/S02/The.Vampire.Diaries.S02E03.mp4</link>
<thumbnail>http://media.dangcaphd.com/public/8a4e7a045f2e0929c799da90218313a1_thumb.jpg</thumbnail>
<title>The Vampire Diaries Season 2 - Nhật Ký Ma Cà Rồng 2 - 2010 - Tập 4</title>
<link>http://server1.dangcaphd.com/p6jdqdE5QKfXAYgVphim/phimbo/The Vampire Diaries/done/S02/The.Vampire.Diaries.S02E04.mp4</link>
<thumbnail>http://media.dangcaphd.com/public/8a4e7a045f2e0929c799da90218313a1_thumb.jpg</thumbnail>
<title>The Vampire Diaries Season 2 - Nhật Ký Ma Cà Rồng 2 - 2010 - Tập 5</title>
<link>http://server1.dangcaphd.com/p6jdqdE5QKfXAYgVphim/phimbo/The Vampire Diaries/done/S02/The.Vampire.Diaries.S02E05.mp4</link>
<thumbnail>http://media.dangcaphd.com/public/8a4e7a045f2e0929c799da90218313a1_thumb.jpg</thumbnail>
<title>The Vampire Diaries Season 2 - Nhật Ký Ma Cà Rồng 2 - 2010 - Tập 6</title>
<link>http://server1.dangcaphd.com/p6jdqdE5QKfXAYgVphim/phimbo/The Vampire Diaries/done/S02/The.Vampire.Diaries.S02E06.mp4</link>
<thumbnail>http://media.dangcaphd.com/public/8a4e7a045f2e0929c799da90218313a1_thumb.jpg</thumbnail>
<title>The Vampire Diaries Season 2 - Nhật Ký Ma Cà Rồng 2 - 2010 - Tập 7</title>
<link>http://server1.dangcaphd.com/p6jdqdE5QKfXAYgVphim/phimbo/The Vampire Diaries/done/S02/The.Vampire.Diaries.S02E07.mp4</link>
<thumbnail>http://media.dangcaphd.com/public/8a4e7a045f2e0929c799da90218313a1_thumb.jpg</thumbnail>
<title>The Vampire Diaries Season 2 - Nhật Ký Ma Cà Rồng 2 - 2010 - Tập 8</title>
<link>http://server1.dangcaphd.com/p6jdqdE5QKfXAYgVphim/phimbo/The Vampire Diaries/done/S02/The.Vampire.Diaries.S02E08.mp4</link>
<thumbnail>http://media.dangcaphd.com/public/8a4e7a045f2e0929c799da90218313a1_thumb.jpg</thumbnail>
<title>The Vampire Diaries Season 2 - Nhật Ký Ma Cà Rồng 2 - 2010 - Tập 9</title>
<link>http://server1.dangcaphd.com/p6jdqdE5QKfXAYgVphim/phimbo/The Vampire Diaries/done/S02/The.Vampire.Diaries.S02E09.mp4</link>
<thumbnail>http://media.dangcaphd.com/public/8a4e7a045f2e0929c799da90218313a1_thumb.jpg</thumbnail>
<title>The Vampire Diaries Season 2 - Nhật Ký Ma Cà Rồng 2 - 2010 - Tập 10</title>
<link>http://server1.dangcaphd.com/p6jdqdE5QKfXAYgVphim/phimbo/The Vampire Diaries/done/S02/The.Vampire.Diaries.S02E10.mp4</link>
<thumbnail>http://media.dangcaphd.com/public/8a4e7a045f2e0929c799da90218313a1_thumb.jpg</thumbnail>
<title>The Vampire Diaries Season 2 - Nhật Ký Ma Cà Rồng 2 - 2010 - Tập 11</title>
<link>http://server1.dangcaphd.com/p6jdqdE5QKfXAYgVphim/phimbo/The Vampire Diaries/done/S02/The.Vampire.Diaries.S02E11.mp4</link>
<thumbnail>http://media.dangcaphd.com/public/8a4e7a045f2e0929c799da90218313a1_thumb.jpg</thumbnail>
<title>The Vampire Diaries Season 2 - Nhật Ký Ma Cà Rồng 2 - 2010 - Tập 12</title>
<link>http://server1.dangcaphd.com/p6jdqdE5QKfXAYgVphim/phimbo/The Vampire Diaries/done/S02/The.Vampire.Diaries.S02E12.mp4</link>
<thumbnail>http://media.dangcaphd.com/public/8a4e7a045f2e0929c799da90218313a1_thumb.jpg</thumbnail>
<title>The Vampire Diaries Season 2 - Nhật Ký Ma Cà Rồng 2 - 2010 - Tập 13</title>
<link>http://server1.dangcaphd.com/p6jdqdE5QKfXAYgVphim/phimbo/The Vampire Diaries/done/S02/The.Vampire.Diaries.S02E13.mp4</link>
<thumbnail>http://media.dangcaphd.com/public/8a4e7a045f2e0929c799da90218313a1_thumb.jpg</thumbnail>
<title>The Vampire Diaries Season 2 - Nhật Ký Ma Cà Rồng 2 - 2010 - Tập 14</title>
<link>http://server1.dangcaphd.com/p6jdqdE5QKfXAYgVphim/phimbo/The Vampire Diaries/done/S02/The.Vampire.Diaries.S02E14.mp4</link>
<thumbnail>http://media.dangcaphd.com/public/8a4e7a045f2e0929c799da90218313a1_thumb.jpg</thumbnail>
<title>The Vampire Diaries Season 2 - Nhật Ký Ma Cà Rồng 2 - 2010 - Tập 15</title>
<link>http://server1.dangcaphd.com/p6jdqdE5QKfXAYgVphim/phimbo/The Vampire Diaries/done/S02/The.Vampire.Diaries.S02E15.mp4</link>
<thumbnail>http://media.dangcaphd.com/public/8a4e7a045f2e0929c799da90218313a1_thumb.jpg</thumbnail>
<title>The Vampire Diaries Season 2 - Nhật Ký Ma Cà Rồng 2 - 2010 - Tập 16</title>
<link>http://server1.dangcaphd.com/p6jdqdE5QKfXAYgVphim/phimbo/The Vampire Diaries/done/S02/The.Vampire.Diaries.S02E16.mp4</link>
<thumbnail>http://media.dangcaphd.com/public/8a4e7a045f2e0929c799da90218313a1_thumb.jpg</thumbnail>
<title>The Vampire Diaries Season 2 - Nhật Ký Ma Cà Rồng 2 - 2010 - Tập 17</title>
<link>http://server1.dangcaphd.com/p6jdqdE5QKfXAYgVphim/phimbo/The Vampire Diaries/done/S02/The.Vampire.Diaries.S02E17.mp4</link>
<thumbnail>http://media.dangcaphd.com/public/8a4e7a045f2e0929c799da90218313a1_thumb.jpg</thumbnail>
<title>The Vampire Diaries Season 2 - Nhật Ký Ma Cà Rồng 2 - 2010 - Tập 18</title>
<link>http://server1.dangcaphd.com/p6jdqdE5QKfXAYgVphim/phimbo/The Vampire Diaries/done/S02/The.Vampire.Diaries.S02E18.mp4</link>
<thumbnail>http://media.dangcaphd.com/public/8a4e7a045f2e0929c799da90218313a1_thumb.jpg</thumbnail>
<title>The Vampire Diaries Season 2 - Nhật Ký Ma Cà Rồng 2 - 2010 - Tập 19</title>
<link>http://server1.dangcaphd.com/p6jdqdE5QKfXAYgVphim/phimbo/The Vampire Diaries/done/S02/The.Vampire.Diaries.S02E19.mp4</link>
<thumbnail>http://media.dangcaphd.com/public/8a4e7a045f2e0929c799da90218313a1_thumb.jpg</thumbnail>
<title>The Vampire Diaries Season 2 - Nhật Ký Ma Cà Rồng 2 - 2010 - Tập 20</title>
<link>http://server1.dangcaphd.com/p6jdqdE5QKfXAYgVphim/phimbo/The Vampire Diaries/done/S02/The.Vampire.Diaries.S02E20.mp4</link>
<thumbnail>http://media.dangcaphd.com/public/8a4e7a045f2e0929c799da90218313a1_thumb.jpg</thumbnail>
<title>The Vampire Diaries Season 2 - Nhật Ký Ma Cà Rồng 2 - 2010 - Tập 21</title>
<link>http://server1.dangcaphd.com/p6jdqdE5QKfXAYgVphim/phimbo/The Vampire Diaries/done/S02/The.Vampire.Diaries.S02E21.mp4</link>
<thumbnail>http://media.dangcaphd.com/public/8a4e7a045f2e0929c799da90218313a1_thumb.jpg</thumbnail>
<title>The Vampire Diaries Season 2 - Nhật Ký Ma Cà Rồng 2 - 2010 - Tập 22</title>
<link>http://server1.dangcaphd.com/p6jdqdE5QKfXAYgVphim/phimbo/The Vampire Diaries/done/S02/The.Vampire.Diaries.S02E22.mp4</link>
<thumbnail>http://media.dangcaphd.com/public/8a4e7a045f2e0929c799da90218313a1_thumb.jpg</thumbnail>
<title>The Vampire Diaries Season 1 - Nhật Ký Ma Cà Rồng 1 - 2009 - Tập 1</title>
<link>http://server1.dangcaphd.com/p6jdqdE5QKfXAYgVphim/phimbo/The.Vampire.Diaries.S01/The.Vampire.Diaries.S01E01.mp4</link>
<thumbnail>http://media.dangcaphd.com/public/cf93ccfce92832b776b0f0630afcbbbf_thumb.jpg</thumbnail>
<title>The Vampire Diaries Season 1 - Nhật Ký Ma Cà Rồng 1 - 2009 - Tập 2</title>
<link>http://server1.dangcaphd.com/p6jdqdE5QKfXAYgVphim/phimbo/The.Vampire.Diaries.S01/The.Vampire.Diaries.S01E02.mp4</link>
<thumbnail>http://media.dangcaphd.com/public/cf93ccfce92832b776b0f0630afcbbbf_thumb.jpg</thumbnail>
<title>The Vampire Diaries Season 1 - Nhật Ký Ma Cà Rồng 1 - 2009 - Tập 3</title>
<link>http://server1.dangcaphd.com/p6jdqdE5QKfXAYgVphim/phimbo/The.Vampire.Diaries.S01/The.Vampire.Diaries.S01E03.mp4</link>
<thumbnail>http://media.dangcaphd.com/public/cf93ccfce92832b776b0f0630afcbbbf_thumb.jpg</thumbnail>
<title>The Vampire Diaries Season 1 - Nhật Ký Ma Cà Rồng 1 - 2009 - Tập 4</title>
<link>http://server1.dangcaphd.com/p6jdqdE5QKfXAYgVphim/phimbo/The.Vampire.Diaries.S01/The.Vampire.Diaries.S01E04.mp4</link>
<thumbnail>http://media.dangcaphd.com/public/cf93ccfce92832b776b0f0630afcbbbf_thumb.jpg</thumbnail>
<title>The Vampire Diaries Season 1 - Nhật Ký Ma Cà Rồng 1 - 2009 - Tập 5</title>
<link>http://server1.dangcaphd.com/p6jdqdE5QKfXAYgVphim/phimbo/The.Vampire.Diaries.S01/The.Vampire.Diaries.S01E05.mp4</link>
<thumbnail>http://media.dangcaphd.com/public/cf93ccfce92832b776b0f0630afcbbbf_thumb.jpg</thumbnail>
<title>The Vampire Diaries Season 1 - Nhật Ký Ma Cà Rồng 1 - 2009 - Tập 6</title>
<link>http://server1.dangcaphd.com/p6jdqdE5QKfXAYgVphim/phimbo/The.Vampire.Diaries.S01/The.Vampire.Diaries.S01E06.mp4</link>
<thumbnail>http://media.dangcaphd.com/public/cf93ccfce92832b776b0f0630afcbbbf_thumb.jpg</thumbnail>
<title>The Vampire Diaries Season 1 - Nhật Ký Ma Cà Rồng 1 - 2009 - Tập 7</title>
<link>http://server1.dangcaphd.com/p6jdqdE5QKfXAYgVphim/phimbo/The.Vampire.Diaries.S01/The.Vampire.Diaries.S01E07.mp4</link>
<thumbnail>http://media.dangcaphd.com/public/cf93ccfce92832b776b0f0630afcbbbf_thumb.jpg</thumbnail>
<title>The Vampire Diaries Season 1 - Nhật Ký Ma Cà Rồng 1 - 2009 - Tập 8</title>
<link>http://server1.dangcaphd.com/p6jdqdE5QKfXAYgVphim/phimbo/The.Vampire.Diaries.S01/The.Vampire.Diaries.S01E08.mp4</link>
<thumbnail>http://media.dangcaphd.com/public/cf93ccfce92832b776b0f0630afcbbbf_thumb.jpg</thumbnail>
<title>The Vampire Diaries Season 1 - Nhật Ký Ma Cà Rồng 1 - 2009 - Tập 9</title>
<link>http://server1.dangcaphd.com/p6jdqdE5QKfXAYgVphim/phimbo/The.Vampire.Diaries.S01/The.Vampire.Diaries.S01E09.mp4</link>
<thumbnail>http://media.dangcaphd.com/public/cf93ccfce92832b776b0f0630afcbbbf_thumb.jpg</thumbnail>
<title>The Vampire Diaries Season 1 - Nhật Ký Ma Cà Rồng 1 - 2009 - Tập 10</title>
<link>http://server1.dangcaphd.com/p6jdqdE5QKfXAYgVphim/phimbo/The.Vampire.Diaries.S01/The.Vampire.Diaries.S01E10.mp4</link>
<thumbnail>http://media.dangcaphd.com/public/cf93ccfce92832b776b0f0630afcbbbf_thumb.jpg</thumbnail>
<title>The Vampire Diaries Season 1 - Nhật Ký Ma Cà Rồng 1 - 2009 - Tập 11</title>
<link>http://server1.dangcaphd.com/p6jdqdE5QKfXAYgVphim/phimbo/The.Vampire.Diaries.S01/The.Vampire.Diaries.S01E11.mp4</link>
<thumbnail>http://media.dangcaphd.com/public/cf93ccfce92832b776b0f0630afcbbbf_thumb.jpg</thumbnail>
<title>The Vampire Diaries Season 1 - Nhật Ký Ma Cà Rồng 1 - 2009 - Tập 12</title>
<link>http://server1.dangcaphd.com/p6jdqdE5QKfXAYgVphim/phimbo/The.Vampire.Diaries.S01/The.Vampire.Diaries.S01E12.mp4</link>
<thumbnail>http://media.dangcaphd.com/public/cf93ccfce92832b776b0f0630afcbbbf_thumb.jpg</thumbnail>
<title>The Vampire Diaries Season 1 - Nhật Ký Ma Cà Rồng 1 - 2009 - Tập 13</title>
<link>http://server1.dangcaphd.com/p6jdqdE5QKfXAYgVphim/phimbo/The.Vampire.Diaries.S01/The.Vampire.Diaries.S01E13.mp4</link>
<thumbnail>http://media.dangcaphd.com/public/cf93ccfce92832b776b0f0630afcbbbf_thumb.jpg</thumbnail>
<title>The Vampire Diaries Season 1 - Nhật Ký Ma Cà Rồng 1 - 2009 - Tập 14</title>
<link>http://server1.dangcaphd.com/p6jdqdE5QKfXAYgVphim/phimbo/The.Vampire.Diaries.S01/The.Vampire.Diaries.S01E14.mp4</link>
<thumbnail>http://media.dangcaphd.com/public/cf93ccfce92832b776b0f0630afcbbbf_thumb.jpg</thumbnail>
<title>The Vampire Diaries Season 1 - Nhật Ký Ma Cà Rồng 1 - 2009 - Tập 15</title>
<link>http://server1.dangcaphd.com/p6jdqdE5QKfXAYgVphim/phimbo/The.Vampire.Diaries.S01/The.Vampire.Diaries.S01E15.mp4</link>
<thumbnail>http://media.dangcaphd.com/public/cf93ccfce92832b776b0f0630afcbbbf_thumb.jpg</thumbnail>
<title>The Vampire Diaries Season 1 - Nhật Ký Ma Cà Rồng 1 - 2009 - Tập 16</title>
<link>http://server1.dangcaphd.com/p6jdqdE5QKfXAYgVphim/phimbo/The.Vampire.Diaries.S01/The.Vampire.Diaries.S01E16.mp4</link>
<thumbnail>http://media.dangcaphd.com/public/cf93ccfce92832b776b0f0630afcbbbf_thumb.jpg</thumbnail>
<title>The Vampire Diaries Season 1 - Nhật Ký Ma Cà Rồng 1 - 2009 - Tập 17</title>
<link>http://server1.dangcaphd.com/p6jdqdE5QKfXAYgVphim/phimbo/The.Vampire.Diaries.S01/The.Vampire.Diaries.S01E17.mp4</link>
<thumbnail>http://media.dangcaphd.com/public/cf93ccfce92832b776b0f0630afcbbbf_thumb.jpg</thumbnail>
<title>The Vampire Diaries Season 1 - Nhật Ký Ma Cà Rồng 1 - 2009 - Tập 18</title>
<link>http://server1.dangcaphd.com/p6jdqdE5QKfXAYgVphim/phimbo/The.Vampire.Diaries.S01/The.Vampire.Diaries.S01E18.mp4</link>
<thumbnail>http://media.dangcaphd.com/public/cf93ccfce92832b776b0f0630afcbbbf_thumb.jpg</thumbnail>
<title>The Vampire Diaries Season 1 - Nhật Ký Ma Cà Rồng 1 - 2009 - Tập 19</title>
<link>http://server1.dangcaphd.com/p6jdqdE5QKfXAYgVphim/phimbo/The.Vampire.Diaries.S01/The.Vampire.Diaries.S01E19.mp4</link>
<thumbnail>http://media.dangcaphd.com/public/cf93ccfce92832b776b0f0630afcbbbf_thumb.jpg</thumbnail>
<title>The Vampire Diaries Season 1 - Nhật Ký Ma Cà Rồng 1 - 2009 - Tập 20</title>
<link>http://server1.dangcaphd.com/p6jdqdE5QKfXAYgVphim/phimbo/The.Vampire.Diaries.S01/The.Vampire.Diaries.S01E20.mp4</link>
<thumbnail>http://media.dangcaphd.com/public/cf93ccfce92832b776b0f0630afcbbbf_thumb.jpg</thumbnail>
<title>The Vampire Diaries Season 1 - Nhật Ký Ma Cà Rồng 1 - 2009 - Tập 21</title>
<link>http://server1.dangcaphd.com/p6jdqdE5QKfXAYgVphim/phimbo/The.Vampire.Diaries.S01/The.Vampire.Diaries.S01E21.mp4</link>
<thumbnail>http://media.dangcaphd.com/public/cf93ccfce92832b776b0f0630afcbbbf_thumb.jpg</thumbnail>
<title>The Vampire Diaries Season 1 - Nhật Ký Ma Cà Rồng 1 - 2009 - Tập 22</title>
<link>http://server1.dangcaphd.com/p6jdqdE5QKfXAYgVphim/phimbo/The.Vampire.Diaries.S01/The.Vampire.Diaries.S01E22.mp4</link>
<thumbnail>http://media.dangcaphd.com/public/cf93ccfce92832b776b0f0630afcbbbf_thumb.jpg</thumbnail>
<title>Nikita Season 3 - Sát Thủ Nikita - 2012 - Tập 1</title>
<link>http://server1.dangcaphd.com/p6jdqdE5QKfXAYgVphim/phimbo/Nikita.S03/Nikita.S03E01.mp4</link>
<thumbnail>http://media.dangcaphd.com/public/d4f5ea697bd6643c245fc00f4b21e2e1_thumb.jpg</thumbnail>
<title>Nikita Season 3 - Sát Thủ Nikita - 2012 - Tập 2</title>
<link>http://server1.dangcaphd.com/p6jdqdE5QKfXAYgVphim/phimbo/Nikita.S03/Nikita.S03E02.mp4</link>
<thumbnail>http://media.dangcaphd.com/public/d4f5ea697bd6643c245fc00f4b21e2e1_thumb.jpg</thumbnail>
<title>Nikita Season 3 - Sát Thủ Nikita - 2012 - Tập 3</title>
<link>http://server1.dangcaphd.com/p6jdqdE5QKfXAYgVphim/phimbo/Nikita.S03/Nikita.S03E03.mp4</link>
<thumbnail>http://media.dangcaphd.com/public/d4f5ea697bd6643c245fc00f4b21e2e1_thumb.jpg</thumbnail>
<title>Nikita Season 3 - Sát Thủ Nikita - 2012 - Tập 4</title>
<link>http://server1.dangcaphd.com/p6jdqdE5QKfXAYgVphim/phimbo/Nikita.S03/Nikita.S03E04.mp4</link>
<thumbnail>http://media.dangcaphd.com/public/d4f5ea697bd6643c245fc00f4b21e2e1_thumb.jpg</thumbnail>
<title>Nikita Season 3 - Sát Thủ Nikita - 2012 - Tập 5</title>
<link>http://server1.dangcaphd.com/p6jdqdE5QKfXAYgVphim/phimbo/Nikita.S03/Nikita.S03E05.720p.HDTV.X264-DIMENSION-muxed.mp4</link>
<thumbnail>http://media.dangcaphd.com/public/d4f5ea697bd6643c245fc00f4b21e2e1_thumb.jpg</thumbnail>
<title>Nikita Season 3 - Sát Thủ Nikita - 2012 - Tập 6</title>
<link>http://server1.dangcaphd.com/p6jdqdE5QKfXAYgVphim/phimbo/Nikita.S03/Nikita.S03E06.720p.HDTV.DD5.1x264-DIMENSION.mp4</link>
<thumbnail>http://media.dangcaphd.com/public/d4f5ea697bd6643c245fc00f4b21e2e1_thumb.jpg</thumbnail>
<title>Nikita Season 3 - Sát Thủ Nikita - 2012 - Tập 7</title>
<link>http://server1.dangcaphd.com/p6jdqdE5QKfXAYgVphim/phimbo/Nikita.S03/Nikita.S03E07.720p.HDTV.X264-DIMENSION-muxed.mp4</link>
<thumbnail>http://media.dangcaphd.com/public/d4f5ea697bd6643c245fc00f4b21e2e1_thumb.jpg</thumbnail>
<title>Nikita Season 3 - Sát Thủ Nikita - 2012 - Tập 8</title>
<link>http://server1.dangcaphd.com/p6jdqdE5QKfXAYgVphim/phimbo/Nikita.S03/Nikita.S03E08.720p.HDTV.X264-DIMENSION-muxed.mp4</link>
<thumbnail>http://media.dangcaphd.com/public/d4f5ea697bd6643c245fc00f4b21e2e1_thumb.jpg</thumbnail>
<title>Nikita Season 3 - Sát Thủ Nikita - 2012 - Tập 9</title>
<link>http://server1.dangcaphd.com/p6jdqdE5QKfXAYgVphim/phimbo/Nikita.S03/Nikita.S03E09.720p.HDTV.X264-DIMENSION-muxed.mp4</link>
<thumbnail>http://media.dangcaphd.com/public/d4f5ea697bd6643c245fc00f4b21e2e1_thumb.jpg</thumbnail>
<title>Nikita Season 3 - Sát Thủ Nikita - 2012 - Tập 10</title>
<link>http://server1.dangcaphd.com/p6jdqdE5QKfXAYgVphim/phimbo/Nikita.S03/Nikita.S03E10.720p.HDTV.x264-DIMENSION-muxed.mp4</link>
<thumbnail>http://media.dangcaphd.com/public/d4f5ea697bd6643c245fc00f4b21e2e1_thumb.jpg</thumbnail>
<title>Nikita Season 3 - Sát Thủ Nikita - 2012 - Tập 11</title>
<link>http://server1.dangcaphd.com/p6jdqdE5QKfXAYgVphim/phimbo/Nikita.S03/Nikita.S03E11.720p.HDTV.x264-DIMENSION-muxed.mp4</link>
<thumbnail>http://media.dangcaphd.com/public/d4f5ea697bd6643c245fc00f4b21e2e1_thumb.jpg</thumbnail>
<title>Nikita Season 3 - Sát Thủ Nikita - 2012 - Tập 12</title>
<link>http://server1.dangcaphd.com/p6jdqdE5QKfXAYgVphim/phimbo/Nikita.S03/Nikita.S03E12.720p.HDTV.X264-DIMENSION-muxed.mp4</link>
<thumbnail>http://media.dangcaphd.com/public/d4f5ea697bd6643c245fc00f4b21e2e1_thumb.jpg</thumbnail>
<title>Nikita Season 3 - Sát Thủ Nikita - 2012 - Tập 13</title>
<link>http://server1.dangcaphd.com/p6jdqdE5QKfXAYgVphim/phimbo/Nikita.S03/Nikita.S03E13.mp4</link>
<thumbnail>http://media.dangcaphd.com/public/d4f5ea697bd6643c245fc00f4b21e2e1_thumb.jpg</thumbnail>
<title>Nikita Season 3 - Sát Thủ Nikita - 2012 - Tập 14</title>
<link>http://server1.dangcaphd.com/p6jdqdE5QKfXAYgVphim/phimbo/Nikita.S03/Nikita.S03E14.720p.HDTV.X264-DIMENSION-muxed.mp4</link>
<thumbnail>http://media.dangcaphd.com/public/d4f5ea697bd6643c245fc00f4b21e2e1_thumb.jpg</thumbnail>
<title>Nikita Season 3 - Sát Thủ Nikita - 2012 - Tập 15</title>
<link>http://server1.dangcaphd.com/p6jdqdE5QKfXAYgVphim/phimbo/Nikita.S03/Nikita.S03E15.mp4</link>
<thumbnail>http://media.dangcaphd.com/public/d4f5ea697bd6643c245fc00f4b21e2e1_thumb.jpg</thumbnail>
<title>Nikita Season 3 - Sát Thủ Nikita - 2012 - Tập 16</title>
<link>http://server1.dangcaphd.com/p6jdqdE5QKfXAYgVphim/phimbo/Nikita.S03/Nikita.S03E16.mp4</link>
<thumbnail>http://media.dangcaphd.com/public/d4f5ea697bd6643c245fc00f4b21e2e1_thumb.jpg</thumbnail>
<title>Nikita Season 3 - Sát Thủ Nikita - 2012 - Tập 17</title>
<link>http://server1.dangcaphd.com/p6jdqdE5QKfXAYgVphim/phimbo/Nikita.S03/Nikita.S03E17.mp4</link>
<thumbnail>http://media.dangcaphd.com/public/d4f5ea697bd6643c245fc00f4b21e2e1_thumb.jpg</thumbnail>
<title>Nikita Season 3 - Sát Thủ Nikita - 2012 - Tập 18</title>
<link>http://server1.dangcaphd.com/p6jdqdE5QKfXAYgVphim/phimbo/Nikita.S03/Nikita.S03E18.mp4</link>
<thumbnail>http://media.dangcaphd.com/public/d4f5ea697bd6643c245fc00f4b21e2e1_thumb.jpg</thumbnail>
<title>Nikita Season 3 - Sát Thủ Nikita - 2012 - Tập 19</title>
<link>http://server1.dangcaphd.com/p6jdqdE5QKfXAYgVphim/phimbo/Nikita.S03/Nikita.S03E19.mp4</link>
<thumbnail>http://media.dangcaphd.com/public/d4f5ea697bd6643c245fc00f4b21e2e1_thumb.jpg</thumbnail>
<title>Nikita Season 3 - Sát Thủ Nikita - 2012 - Tập 20</title>
<link>http://server1.dangcaphd.com/p6jdqdE5QKfXAYgVphim/phimbo/Nikita.S03/Nikita.S03E20.mp4</link>
<thumbnail>http://media.dangcaphd.com/public/d4f5ea697bd6643c245fc00f4b21e2e1_thumb.jpg</thumbnail>
<title>Nikita Season 3 - Sát Thủ Nikita - 2012 - Tập 21</title>
<link>http://server1.dangcaphd.com/p6jdqdE5QKfXAYgVphim/phimbo/Nikita.S03/Nikita.S03E21.mp4</link>
<thumbnail>http://media.dangcaphd.com/public/d4f5ea697bd6643c245fc00f4b21e2e1_thumb.jpg</thumbnail>
<title>Nikita Season 3 - Sát Thủ Nikita - 2012 - Tập 22</title>
<link>http://server1.dangcaphd.com/p6jdqdE5QKfXAYgVphim/phimbo/Nikita.S03/Nikita.S03E22.mp4</link>
<thumbnail>http://media.dangcaphd.com/public/d4f5ea697bd6643c245fc00f4b21e2e1_thumb.jpg</thumbnail>
<title>Nikita Season 2 - Sát Thủ Nikita 2  - 2011 ( Trọn bộ ) - Tập 1</title>
<link>http://server1.dangcaphd.com/p6jdqdE5QKfXAYgVphim/phimbo/Nikita.S02/Nikita.S02E01.mp4</link>
<thumbnail>http://media.dangcaphd.com/public/371367337df635b021246bf4013dc6b1_thumb.jpg</thumbnail>
<title>Nikita Season 2 - Sát Thủ Nikita 2  - 2011 ( Trọn bộ ) - Tập 2</title>
<link>http://server1.dangcaphd.com/p6jdqdE5QKfXAYgVphim/phimbo/Nikita.S02/Nikita.S02E02.mp4</link>
<thumbnail>http://media.dangcaphd.com/public/371367337df635b021246bf4013dc6b1_thumb.jpg</thumbnail>
<title>Nikita Season 2 - Sát Thủ Nikita 2  - 2011 ( Trọn bộ ) - Tập 3</title>
<link>http://server1.dangcaphd.com/p6jdqdE5QKfXAYgVphim/phimbo/Nikita.S02/Nikita.S02E03.mp4</link>
<thumbnail>http://media.dangcaphd.com/public/371367337df635b021246bf4013dc6b1_thumb.jpg</thumbnail>
<title>Nikita Season 2 - Sát Thủ Nikita 2  - 2011 ( Trọn bộ ) - Tập 4</title>
<link>http://server1.dangcaphd.com/p6jdqdE5QKfXAYgVphim/phimbo/Nikita.S02/Nikita.S02E04.mp4</link>
<thumbnail>http://media.dangcaphd.com/public/371367337df635b021246bf4013dc6b1_thumb.jpg</thumbnail>
<title>Nikita Season 2 - Sát Thủ Nikita 2  - 2011 ( Trọn bộ ) - Tập 5</title>
<link>http://server1.dangcaphd.com/p6jdqdE5QKfXAYgVphim/phimbo/Nikita.S02/Nikita.S02E05.mp4</link>
<thumbnail>http://media.dangcaphd.com/public/371367337df635b021246bf4013dc6b1_thumb.jpg</thumbnail>
<title>Nikita Season 2 - Sát Thủ Nikita 2  - 2011 ( Trọn bộ ) - Tập 6</title>
<link>http://server1.dangcaphd.com/p6jdqdE5QKfXAYgVphim/phimbo/Nikita.S02/Nikita.S02E06.mp4</link>
<thumbnail>http://media.dangcaphd.com/public/371367337df635b021246bf4013dc6b1_thumb.jpg</thumbnail>
<title>Nikita Season 2 - Sát Thủ Nikita 2  - 2011 ( Trọn bộ ) - Tập 7</title>
<link>http://server1.dangcaphd.com/p6jdqdE5QKfXAYgVphim/phimbo/Nikita.S02/Nikita.S02E07.mp4</link>
<thumbnail>http://media.dangcaphd.com/public/371367337df635b021246bf4013dc6b1_thumb.jpg</thumbnail>
<title>Nikita Season 2 - Sát Thủ Nikita 2  - 2011 ( Trọn bộ ) - Tập 8</title>
<link>http://server1.dangcaphd.com/p6jdqdE5QKfXAYgVphim/phimbo/Nikita.S02/Nikita.S02E08.mp4</link>
<thumbnail>http://media.dangcaphd.com/public/371367337df635b021246bf4013dc6b1_thumb.jpg</thumbnail>
<title>Nikita Season 2 - Sát Thủ Nikita 2  - 2011 ( Trọn bộ ) - Tập 9</title>
<link>http://server1.dangcaphd.com/p6jdqdE5QKfXAYgVphim/phimbo/Nikita.S02/Nikita.S02E09.mp4</link>
<thumbnail>http://media.dangcaphd.com/public/371367337df635b021246bf4013dc6b1_thumb.jpg</thumbnail>
<title>Nikita Season 2 - Sát Thủ Nikita 2  - 2011 ( Trọn bộ ) - Tập 10</title>
<link>http://server1.dangcaphd.com/p6jdqdE5QKfXAYgVphim/phimbo/Nikita.S02/Nikita.S02E10.mp4</link>
<thumbnail>http://media.dangcaphd.com/public/371367337df635b021246bf4013dc6b1_thumb.jpg</thumbnail>
<title>Nikita Season 2 - Sát Thủ Nikita 2  - 2011 ( Trọn bộ ) - Tập 11</title>
<link>http://server1.dangcaphd.com/p6jdqdE5QKfXAYgVphim/phimbo/Nikita.S02/Nikita.S02E11.mp4</link>
<thumbnail>http://media.dangcaphd.com/public/371367337df635b021246bf4013dc6b1_thumb.jpg</thumbnail>
<title>Nikita Season 2 - Sát Thủ Nikita 2  - 2011 ( Trọn bộ ) - Tập 12</title>
<link>http://server1.dangcaphd.com/p6jdqdE5QKfXAYgVphim/phimbo/Nikita.S02/Nikita.S02E12.mp4</link>
<thumbnail>http://media.dangcaphd.com/public/371367337df635b021246bf4013dc6b1_thumb.jpg</thumbnail>
<title>Nikita Season 2 - Sát Thủ Nikita 2  - 2011 ( Trọn bộ ) - Tập 13</title>
<link>http://server1.dangcaphd.com/p6jdqdE5QKfXAYgVphim/phimbo/Nikita.S02/Nikita.S02E13.mp4</link>
<thumbnail>http://media.dangcaphd.com/public/371367337df635b021246bf4013dc6b1_thumb.jpg</thumbnail>
<title>Nikita Season 2 - Sát Thủ Nikita 2  - 2011 ( Trọn bộ ) - Tập 14</title>
<link>http://server1.dangcaphd.com/p6jdqdE5QKfXAYgVphim/phimbo/Nikita.S02/Nikita.S02E14.mp4</link>
<thumbnail>http://media.dangcaphd.com/public/371367337df635b021246bf4013dc6b1_thumb.jpg</thumbnail>
<title>Nikita Season 2 - Sát Thủ Nikita 2  - 2011 ( Trọn bộ ) - Tập 15</title>
<link>http://server1.dangcaphd.com/p6jdqdE5QKfXAYgVphim/phimbo/Nikita.S02/Nikita.S02E15.mp4</link>
<thumbnail>http://media.dangcaphd.com/public/371367337df635b021246bf4013dc6b1_thumb.jpg</thumbnail>
<title>Nikita Season 2 - Sát Thủ Nikita 2  - 2011 ( Trọn bộ ) - Tập 16</title>
<link>http://server1.dangcaphd.com/p6jdqdE5QKfXAYgVphim/phimbo/Nikita.S02/Nikita.S02E16.mp4</link>
<thumbnail>http://media.dangcaphd.com/public/371367337df635b021246bf4013dc6b1_thumb.jpg</thumbnail>
<title>Nikita Season 2 - Sát Thủ Nikita 2  - 2011 ( Trọn bộ ) - Tập 17</title>
<link>http://server1.dangcaphd.com/p6jdqdE5QKfXAYgVphim/phimbo/Nikita.S02/Nikita.S02E17.mp4</link>
<thumbnail>http://media.dangcaphd.com/public/371367337df635b021246bf4013dc6b1_thumb.jpg</thumbnail>
<title>Nikita Season 2 - Sát Thủ Nikita 2  - 2011 ( Trọn bộ ) - Tập 18</title>
<link>http://server1.dangcaphd.com/p6jdqdE5QKfXAYgVphim/phimbo/Nikita.S02/Nikita.S02E18.mp4</link>
<thumbnail>http://media.dangcaphd.com/public/371367337df635b021246bf4013dc6b1_thumb.jpg</thumbnail>
<title>Nikita Season 2 - Sát Thủ Nikita 2  - 2011 ( Trọn bộ ) - Tập 19</title>
<link>http://server1.dangcaphd.com/p6jdqdE5QKfXAYgVphim/phimbo/Nikita.S02/Nikita.S02E19.mp4</link>
<thumbnail>http://media.dangcaphd.com/public/371367337df635b021246bf4013dc6b1_thumb.jpg</thumbnail>
<title>Nikita Season 2 - Sát Thủ Nikita 2  - 2011 ( Trọn bộ ) - Tập 20</title>
<link>http://server1.dangcaphd.com/p6jdqdE5QKfXAYgVphim/phimbo/Nikita.S02/Nikita.S02E20.mp4</link>
<thumbnail>http://media.dangcaphd.com/public/371367337df635b021246bf4013dc6b1_thumb.jpg</thumbnail>
<title>Nikita Season 2 - Sát Thủ Nikita 2  - 2011 ( Trọn bộ ) - Tập 21</title>
<link>http://server1.dangcaphd.com/p6jdqdE5QKfXAYgVphim/phimbo/Nikita.S02/Nikita.S02E21.mp4</link>
<thumbnail>http://media.dangcaphd.com/public/371367337df635b021246bf4013dc6b1_thumb.jpg</thumbnail>
<title>Nikita Season 2 - Sát Thủ Nikita 2  - 2011 ( Trọn bộ ) - Tập 22</title>
<link>http://server1.dangcaphd.com/p6jdqdE5QKfXAYgVphim/phimbo/Nikita.S02/Nikita.S02E22.mp4</link>
<thumbnail>http://media.dangcaphd.com/public/371367337df635b021246bf4013dc6b1_thumb.jpg</thumbnail>
<title>Nikita Season 2 - Sát Thủ Nikita 2  - 2011 ( Trọn bộ ) - Tập 23</title>
<link>http://server1.dangcaphd.com/p6jdqdE5QKfXAYgVphim/phimbo/Nikita.S02/Nikita.S02E23.mp4</link>
<thumbnail>http://media.dangcaphd.com/public/371367337df635b021246bf4013dc6b1_thumb.jpg</thumbnail>
<title>Arrow Season 2 - Mũi Tên Xanh Phần 2 - 2013 (23/23 Tập) - Tập 1</title>
<link>http://server2.dangcaphd.com/3ZKc7Af3BGZrgWSrNggs/Phim Bo/Arrow.S02/Arrow.S02E01.mp4</link>
<thumbnail>http://media.dangcaphd.com/public/af73d833af541fea3e263c85f8ed47d2_thumb.jpg</thumbnail>
<title>Arrow Season 2 - Mũi Tên Xanh Phần 2 - 2013 (23/23 Tập) - Tập 2</title>
<link>http://server2.dangcaphd.com/3ZKc7Af3BGZrgWSrNggs/Phim Bo/Arrow.S02/Arrow.S02E02.mp4</link>
<thumbnail>http://media.dangcaphd.com/public/af73d833af541fea3e263c85f8ed47d2_thumb.jpg</thumbnail>
<title>Arrow Season 2 - Mũi Tên Xanh Phần 2 - 2013 (23/23 Tập) - Tập 3</title>
<link>http://server2.dangcaphd.com/3ZKc7Af3BGZrgWSrNggs/Phim Bo/Arrow.S02/Arrow.S02E03.mp4</link>
<thumbnail>http://media.dangcaphd.com/public/af73d833af541fea3e263c85f8ed47d2_thumb.jpg</thumbnail>
<title>Arrow Season 2 - Mũi Tên Xanh Phần 2 - 2013 (23/23 Tập) - Tập 4</title>
<link>http://server2.dangcaphd.com/3ZKc7Af3BGZrgWSrNggs/Phim Bo/Arrow.S02/Arrow.S02E04.mp4</link>
<thumbnail>http://media.dangcaphd.com/public/af73d833af541fea3e263c85f8ed47d2_thumb.jpg</thumbnail>
<title>Arrow Season 2 - Mũi Tên Xanh Phần 2 - 2013 (23/23 Tập) - Tập 5</title>
<link>http://server2.dangcaphd.com/3ZKc7Af3BGZrgWSrNggs/Phim Bo/Arrow.S02/Arrow.S02E05.mp4</link>
<thumbnail>http://media.dangcaphd.com/public/af73d833af541fea3e263c85f8ed47d2_thumb.jpg</thumbnail>
<title>Arrow Season 2 - Mũi Tên Xanh Phần 2 - 2013 (23/23 Tập) - Tập 6</title>
<link>http://server2.dangcaphd.com/3ZKc7Af3BGZrgWSrNggs/Phim Bo/Arrow.S02/Arrow.S02E06.mp4</link>
<thumbnail>http://media.dangcaphd.com/public/af73d833af541fea3e263c85f8ed47d2_thumb.jpg</thumbnail>
<title>Arrow Season 2 - Mũi Tên Xanh Phần 2 - 2013 (23/23 Tập) - Tập 7</title>
<link>http://server2.dangcaphd.com/3ZKc7Af3BGZrgWSrNggs/Phim Bo/Arrow.S02/Arrow.S02E07.mp4</link>
<thumbnail>http://media.dangcaphd.com/public/af73d833af541fea3e263c85f8ed47d2_thumb.jpg</thumbnail>
<title>Arrow Season 2 - Mũi Tên Xanh Phần 2 - 2013 (23/23 Tập) - Tập 8</title>
<link>http://server2.dangcaphd.com/3ZKc7Af3BGZrgWSrNggs/Phim Bo/Arrow.S02/Arrow.S02E08.mp4</link>
<thumbnail>http://media.dangcaphd.com/public/af73d833af541fea3e263c85f8ed47d2_thumb.jpg</thumbnail>
<title>Arrow Season 2 - Mũi Tên Xanh Phần 2 - 2013 (23/23 Tập) - Tập 9</title>
<link>http://server2.dangcaphd.com/3ZKc7Af3BGZrgWSrNggs/Phim Bo/Arrow.S02/Arrow.S02E09.mp4</link>
<thumbnail>http://media.dangcaphd.com/public/af73d833af541fea3e263c85f8ed47d2_thumb.jpg</thumbnail>
<title>Arrow Season 2 - Mũi Tên Xanh Phần 2 - 2013 (23/23 Tập) - Tập 10</title>
<link>http://server2.dangcaphd.com/3ZKc7Af3BGZrgWSrNggs/Phim Bo/Arrow.S02/Arrow.S02E10.mp4</link>
<thumbnail>http://media.dangcaphd.com/public/af73d833af541fea3e263c85f8ed47d2_thumb.jpg</thumbnail>
<title>Arrow Season 2 - Mũi Tên Xanh Phần 2 - 2013 (23/23 Tập) - Tập 11</title>
<link>http://server2.dangcaphd.com/3ZKc7Af3BGZrgWSrNggs/Phim Bo/Arrow.S02/Arrow.S02E11.mp4</link>
<thumbnail>http://media.dangcaphd.com/public/af73d833af541fea3e263c85f8ed47d2_thumb.jpg</thumbnail>
<title>Arrow Season 2 - Mũi Tên Xanh Phần 2 - 2013 (23/23 Tập) - Tập 12</title>
<link>http://server2.dangcaphd.com/3ZKc7Af3BGZrgWSrNggs/Phim Bo/Arrow.S02/Arrow.S02E12.mp4</link>
<thumbnail>http://media.dangcaphd.com/public/af73d833af541fea3e263c85f8ed47d2_thumb.jpg</thumbnail>
<title>Arrow Season 2 - Mũi Tên Xanh Phần 2 - 2013 (23/23 Tập) - Tập 13</title>
<link>http://server2.dangcaphd.com/3ZKc7Af3BGZrgWSrNggs/Phim Bo/Arrow.S02/Arrow.S02E13.mp4</link>
<thumbnail>http://media.dangcaphd.com/public/af73d833af541fea3e263c85f8ed47d2_thumb.jpg</thumbnail>
<title>Arrow Season 2 - Mũi Tên Xanh Phần 2 - 2013 (23/23 Tập) - Tập 14</title>
<link>http://server2.dangcaphd.com/3ZKc7Af3BGZrgWSrNggs/Phim Bo/Arrow.S02/Arrow.S02E14.mp4</link>
<thumbnail>http://media.dangcaphd.com/public/af73d833af541fea3e263c85f8ed47d2_thumb.jpg</thumbnail>
<title>Arrow Season 2 - Mũi Tên Xanh Phần 2 - 2013 (23/23 Tập) - Tập 15</title>
<link>http://server2.dangcaphd.com/3ZKc7Af3BGZrgWSrNggs/Phim Bo/Arrow.S02/Arrow.S02E15.mp4</link>
<thumbnail>http://media.dangcaphd.com/public/af73d833af541fea3e263c85f8ed47d2_thumb.jpg</thumbnail>
<title>Arrow Season 2 - Mũi Tên Xanh Phần 2 - 2013 (23/23 Tập) - Tập 16</title>
<link>http://server2.dangcaphd.com/3ZKc7Af3BGZrgWSrNggs/Phim Bo/Arrow.S02/Arrow.S02E16.mp4</link>
<thumbnail>http://media.dangcaphd.com/public/af73d833af541fea3e263c85f8ed47d2_thumb.jpg</thumbnail>
<title>Arrow Season 2 - Mũi Tên Xanh Phần 2 - 2013 (23/23 Tập) - Tập 17</title>
<link>http://server2.dangcaphd.com/3ZKc7Af3BGZrgWSrNggs/Phim Bo/Arrow.S02/Arrow.S02E17.mp4</link>
<thumbnail>http://media.dangcaphd.com/public/af73d833af541fea3e263c85f8ed47d2_thumb.jpg</thumbnail>
<title>Arrow Season 2 - Mũi Tên Xanh Phần 2 - 2013 (23/23 Tập) - Tập 18</title>
<link>http://server2.dangcaphd.com/3ZKc7Af3BGZrgWSrNggs/Phim Bo/Arrow.S02/Arrow.S02E18.mp4</link>
<thumbnail>http://media.dangcaphd.com/public/af73d833af541fea3e263c85f8ed47d2_thumb.jpg</thumbnail>
<title>Arrow Season 2 - Mũi Tên Xanh Phần 2 - 2013 (23/23 Tập) - Tập 19</title>
<link>http://server2.dangcaphd.com/3ZKc7Af3BGZrgWSrNggs/Phim Bo/Arrow.S02/Arrow.S02E19.mp4</link>
<thumbnail>http://media.dangcaphd.com/public/af73d833af541fea3e263c85f8ed47d2_thumb.jpg</thumbnail>
<title>Arrow Season 2 - Mũi Tên Xanh Phần 2 - 2013 (23/23 Tập) - Tập 20</title>
<link>http://server2.dangcaphd.com/3ZKc7Af3BGZrgWSrNggs/Phim Bo/Arrow.S02/Arrow.S02E20.mp4</link>
<thumbnail>http://media.dangcaphd.com/public/af73d833af541fea3e263c85f8ed47d2_thumb.jpg</thumbnail>
<title>Arrow Season 2 - Mũi Tên Xanh Phần 2 - 2013 (23/23 Tập) - Tập 21</title>
<link>http://server2.dangcaphd.com/3ZKc7Af3BGZrgWSrNggs/Phim Bo/Arrow.S02/Arrow.S02E21.mp4</link>
<thumbnail>http://media.dangcaphd.com/public/af73d833af541fea3e263c85f8ed47d2_thumb.jpg</thumbnail>
<title>Arrow Season 2 - Mũi Tên Xanh Phần 2 - 2013 (23/23 Tập) - Tập 22</title>
<link>http://server2.dangcaphd.com/3ZKc7Af3BGZrgWSrNggs/Phim Bo/Arrow.S02/Arrow.S02E22.mp4</link>
<thumbnail>http://media.dangcaphd.com/public/af73d833af541fea3e263c85f8ed47d2_thumb.jpg</thumbnail>
<title>Arrow Season 2 - Mũi Tên Xanh Phần 2 - 2013 (23/23 Tập) - Tập 23</title>
<link>http://server2.dangcaphd.com/3ZKc7Af3BGZrgWSrNggs/Phim Bo/Arrow.S02/Arrow.S02E23.mp4</link>
<thumbnail>http://media.dangcaphd.com/public/af73d833af541fea3e263c85f8ed47d2_thumb.jpg</thumbnail>
<title>Nikita Season 1 - Sát Thủ Nikita 1 - 2010 - (Trọn Bộ 22 Tập) - Tập 1</title>
<link>http://server1.dangcaphd.com/p6jdqdE5QKfXAYgVphim/phimbo/Nikita.S01/Nikita.S01E01.mp4</link>
<thumbnail>http://media.dangcaphd.com/public/cebd89e89a3f0f2bb5b434dd04a5f1f9_thumb.jpg</thumbnail>
<title>Nikita Season 1 - Sát Thủ Nikita 1 - 2010 - (Trọn Bộ 22 Tập) - Tập 2</title>
<link>http://server1.dangcaphd.com/p6jdqdE5QKfXAYgVphim/phimbo/Nikita.S01/Nikita.S01E02.mp4</link>
<thumbnail>http://media.dangcaphd.com/public/cebd89e89a3f0f2bb5b434dd04a5f1f9_thumb.jpg</thumbnail>
<title>Nikita Season 1 - Sát Thủ Nikita 1 - 2010 - (Trọn Bộ 22 Tập) - Tập 3</title>
<link>http://server1.dangcaphd.com/p6jdqdE5QKfXAYgVphim/phimbo/Nikita.S01/Nikita.S01E03.mp4</link>
<thumbnail>http://media.dangcaphd.com/public/cebd89e89a3f0f2bb5b434dd04a5f1f9_thumb.jpg</thumbnail>
<title>Nikita Season 1 - Sát Thủ Nikita 1 - 2010 - (Trọn Bộ 22 Tập) - Tập 4</title>
<link>http://server1.dangcaphd.com/p6jdqdE5QKfXAYgVphim/phimbo/Nikita.S01/Nikita.S01E04.mp4</link>
<thumbnail>http://media.dangcaphd.com/public/cebd89e89a3f0f2bb5b434dd04a5f1f9_thumb.jpg</thumbnail>
<title>Nikita Season 1 - Sát Thủ Nikita 1 - 2010 - (Trọn Bộ 22 Tập) - Tập 5</title>
<link>http://server1.dangcaphd.com/p6jdqdE5QKfXAYgVphim/phimbo/Nikita.S01/Nikita.S01E05.mp4</link>
<thumbnail>http://media.dangcaphd.com/public/cebd89e89a3f0f2bb5b434dd04a5f1f9_thumb.jpg</thumbnail>
<title>Nikita Season 1 - Sát Thủ Nikita 1 - 2010 - (Trọn Bộ 22 Tập) - Tập 6</title>
<link>http://server1.dangcaphd.com/p6jdqdE5QKfXAYgVphim/phimbo/Nikita.S01/Nikita.S01E06.mp4</link>
<thumbnail>http://media.dangcaphd.com/public/cebd89e89a3f0f2bb5b434dd04a5f1f9_thumb.jpg</thumbnail>
<title>Nikita Season 1 - Sát Thủ Nikita 1 - 2010 - (Trọn Bộ 22 Tập) - Tập 7</title>
<link>http://server1.dangcaphd.com/p6jdqdE5QKfXAYgVphim/phimbo/Nikita.S01/Nikita.S01E07.mp4</link>
<thumbnail>http://media.dangcaphd.com/public/cebd89e89a3f0f2bb5b434dd04a5f1f9_thumb.jpg</thumbnail>
<title>Nikita Season 1 - Sát Thủ Nikita 1 - 2010 - (Trọn Bộ 22 Tập) - Tập 8</title>
<link>http://server1.dangcaphd.com/p6jdqdE5QKfXAYgVphim/phimbo/Nikita.S01/Nikita.S01E08.mp4</link>
<thumbnail>http://media.dangcaphd.com/public/cebd89e89a3f0f2bb5b434dd04a5f1f9_thumb.jpg</thumbnail>
<title>Nikita Season 1 - Sát Thủ Nikita 1 - 2010 - (Trọn Bộ 22 Tập) - Tập 9</title>
<link>http://server1.dangcaphd.com/p6jdqdE5QKfXAYgVphim/phimbo/Nikita.S01/Nikita.S01E09.mp4</link>
<thumbnail>http://media.dangcaphd.com/public/cebd89e89a3f0f2bb5b434dd04a5f1f9_thumb.jpg</thumbnail>
<title>Nikita Season 1 - Sát Thủ Nikita 1 - 2010 - (Trọn Bộ 22 Tập) - Tập 10</title>
<link>http://server1.dangcaphd.com/p6jdqdE5QKfXAYgVphim/phimbo/Nikita.S01/Nikita.S01E10.mp4</link>
<thumbnail>http://media.dangcaphd.com/public/cebd89e89a3f0f2bb5b434dd04a5f1f9_thumb.jpg</thumbnail>
<title>Nikita Season 1 - Sát Thủ Nikita 1 - 2010 - (Trọn Bộ 22 Tập) - Tập 11</title>
<link>http://server1.dangcaphd.com/p6jdqdE5QKfXAYgVphim/phimbo/Nikita.S01/Nikita.S01E11.mp4</link>
<thumbnail>http://media.dangcaphd.com/public/cebd89e89a3f0f2bb5b434dd04a5f1f9_thumb.jpg</thumbnail>
<title>Nikita Season 1 - Sát Thủ Nikita 1 - 2010 - (Trọn Bộ 22 Tập) - Tập 12</title>
<link>http://server1.dangcaphd.com/p6jdqdE5QKfXAYgVphim/phimbo/Nikita.S01/Nikita.S01E12.mp4</link>
<thumbnail>http://media.dangcaphd.com/public/cebd89e89a3f0f2bb5b434dd04a5f1f9_thumb.jpg</thumbnail>
<title>Nikita Season 1 - Sát Thủ Nikita 1 - 2010 - (Trọn Bộ 22 Tập) - Tập 13</title>
<link>http://server1.dangcaphd.com/p6jdqdE5QKfXAYgVphim/phimbo/Nikita.S01/Nikita.S01E13.mp4</link>
<thumbnail>http://media.dangcaphd.com/public/cebd89e89a3f0f2bb5b434dd04a5f1f9_thumb.jpg</thumbnail>
<title>Nikita Season 1 - Sát Thủ Nikita 1 - 2010 - (Trọn Bộ 22 Tập) - Tập 14</title>
<link>http://server1.dangcaphd.com/p6jdqdE5QKfXAYgVphim/phimbo/Nikita.S01/Nikita.S01E14.mp4</link>
<thumbnail>http://media.dangcaphd.com/public/cebd89e89a3f0f2bb5b434dd04a5f1f9_thumb.jpg</thumbnail>
<title>Nikita Season 1 - Sát Thủ Nikita 1 - 2010 - (Trọn Bộ 22 Tập) - Tập 15</title>
<link>http://server1.dangcaphd.com/p6jdqdE5QKfXAYgVphim/phimbo/Nikita.S01/Nikita.S01E15.mp4</link>
<thumbnail>http://media.dangcaphd.com/public/cebd89e89a3f0f2bb5b434dd04a5f1f9_thumb.jpg</thumbnail>
<title>Nikita Season 1 - Sát Thủ Nikita 1 - 2010 - (Trọn Bộ 22 Tập) - Tập 16</title>
<link>http://server1.dangcaphd.com/p6jdqdE5QKfXAYgVphim/phimbo/Nikita.S01/Nikita.S01E16.mp4</link>
<thumbnail>http://media.dangcaphd.com/public/cebd89e89a3f0f2bb5b434dd04a5f1f9_thumb.jpg</thumbnail>
<title>Nikita Season 1 - Sát Thủ Nikita 1 - 2010 - (Trọn Bộ 22 Tập) - Tập 17</title>
<link>http://server1.dangcaphd.com/p6jdqdE5QKfXAYgVphim/phimbo/Nikita.S01/Nikita.S01E17.mp4</link>
<thumbnail>http://media.dangcaphd.com/public/cebd89e89a3f0f2bb5b434dd04a5f1f9_thumb.jpg</thumbnail>
<title>Nikita Season 1 - Sát Thủ Nikita 1 - 2010 - (Trọn Bộ 22 Tập) - Tập 18</title>
<link>http://server1.dangcaphd.com/p6jdqdE5QKfXAYgVphim/phimbo/Nikita.S01/Nikita.S01E18.mp4</link>
<thumbnail>http://media.dangcaphd.com/public/cebd89e89a3f0f2bb5b434dd04a5f1f9_thumb.jpg</thumbnail>
<title>Nikita Season 1 - Sát Thủ Nikita 1 - 2010 - (Trọn Bộ 22 Tập) - Tập 19</title>
<link>http://server1.dangcaphd.com/p6jdqdE5QKfXAYgVphim/phimbo/Nikita.S01/Nikita.S01E19.mp4</link>
<thumbnail>http://media.dangcaphd.com/public/cebd89e89a3f0f2bb5b434dd04a5f1f9_thumb.jpg</thumbnail>
<title>Nikita Season 1 - Sát Thủ Nikita 1 - 2010 - (Trọn Bộ 22 Tập) - Tập 20</title>
<link>http://server1.dangcaphd.com/p6jdqdE5QKfXAYgVphim/phimbo/Nikita.S01/Nikita.S01E20.mp4</link>
<thumbnail>http://media.dangcaphd.com/public/cebd89e89a3f0f2bb5b434dd04a5f1f9_thumb.jpg</thumbnail>
<title>Nikita Season 1 - Sát Thủ Nikita 1 - 2010 - (Trọn Bộ 22 Tập) - Tập 21</title>
<link>http://server1.dangcaphd.com/p6jdqdE5QKfXAYgVphim/phimbo/Nikita.S01/Nikita.S01E21.mp4</link>
<thumbnail>http://media.dangcaphd.com/public/cebd89e89a3f0f2bb5b434dd04a5f1f9_thumb.jpg</thumbnail>
<title>Nikita Season 1 - Sát Thủ Nikita 1 - 2010 - (Trọn Bộ 22 Tập) - Tập 22</title>
<link>http://server1.dangcaphd.com/p6jdqdE5QKfXAYgVphim/phimbo/Nikita.S01/Nikita.S01E22.mp4</link>
<thumbnail>http://media.dangcaphd.com/public/cebd89e89a3f0f2bb5b434dd04a5f1f9_thumb.jpg</thumbnail>
<title>The Walking Dead Season 2 -  Xác Sống 2  - 2011 - Tập 1</title>
<link>http://server1.dangcaphd.com/p6jdqdE5QKfXAYgVphim/phimbo/The.Walking.Dead.S02/The.Walking.Dead.S02E01.mp4</link>
<thumbnail>http://media.dangcaphd.com/public/cf2f5055392337f702f172ff0d1a3ebd_thumb.jpg</thumbnail>
<title>The Walking Dead Season 2 -  Xác Sống 2  - 2011 - Tập 2</title>
<link>http://server1.dangcaphd.com/p6jdqdE5QKfXAYgVphim/phimbo/The.Walking.Dead.S02/The.Walking.Dead.S02E02.mp4</link>
<thumbnail>http://media.dangcaphd.com/public/cf2f5055392337f702f172ff0d1a3ebd_thumb.jpg</thumbnail>
<title>The Walking Dead Season 2 -  Xác Sống 2  - 2011 - Tập 3</title>
<link>http://server1.dangcaphd.com/p6jdqdE5QKfXAYgVphim/phimbo/The.Walking.Dead.S02/The.Walking.Dead.S02E03.mp4</link>
<thumbnail>http://media.dangcaphd.com/public/cf2f5055392337f702f172ff0d1a3ebd_thumb.jpg</thumbnail>
<title>The Walking Dead Season 2 -  Xác Sống 2  - 2011 - Tập 4</title>
<link>http://server1.dangcaphd.com/p6jdqdE5QKfXAYgVphim/phimbo/The.Walking.Dead.S02/The.Walking.Dead.S02E04.mp4</link>
<thumbnail>http://media.dangcaphd.com/public/cf2f5055392337f702f172ff0d1a3ebd_thumb.jpg</thumbnail>
<title>The Walking Dead Season 2 -  Xác Sống 2  - 2011 - Tập 5</title>
<link>http://server1.dangcaphd.com/p6jdqdE5QKfXAYgVphim/phimbo/The.Walking.Dead.S02/The.Walking.Dead.S02E05.mp4</link>
<thumbnail>http://media.dangcaphd.com/public/cf2f5055392337f702f172ff0d1a3ebd_thumb.jpg</thumbnail>
<title>The Walking Dead Season 2 -  Xác Sống 2  - 2011 - Tập 6</title>
<link>http://server1.dangcaphd.com/p6jdqdE5QKfXAYgVphim/phimbo/The.Walking.Dead.S02/The.Walking.Dead.S02E06.mp4</link>
<thumbnail>http://media.dangcaphd.com/public/cf2f5055392337f702f172ff0d1a3ebd_thumb.jpg</thumbnail>
<title>The Walking Dead Season 2 -  Xác Sống 2  - 2011 - Tập 7</title>
<link>http://server1.dangcaphd.com/p6jdqdE5QKfXAYgVphim/phimbo/The.Walking.Dead.S02/The.Walking.Dead.S02E07.mp4</link>
<thumbnail>http://media.dangcaphd.com/public/cf2f5055392337f702f172ff0d1a3ebd_thumb.jpg</thumbnail>
<title>The Walking Dead Season 2 -  Xác Sống 2  - 2011 - Tập 8</title>
<link>http://server1.dangcaphd.com/p6jdqdE5QKfXAYgVphim/phimbo/The.Walking.Dead.S02/The.Walking.Dead.S02E08.mp4</link>
<thumbnail>http://media.dangcaphd.com/public/cf2f5055392337f702f172ff0d1a3ebd_thumb.jpg</thumbnail>
<title>The Walking Dead Season 2 -  Xác Sống 2  - 2011 - Tập 9</title>
<link>http://server1.dangcaphd.com/p6jdqdE5QKfXAYgVphim/phimbo/The.Walking.Dead.S02/The.Walking.Dead.S02E09.mp4</link>
<thumbnail>http://media.dangcaphd.com/public/cf2f5055392337f702f172ff0d1a3ebd_thumb.jpg</thumbnail>
<title>The Walking Dead Season 2 -  Xác Sống 2  - 2011 - Tập 10</title>
<link>http://server1.dangcaphd.com/p6jdqdE5QKfXAYgVphim/phimbo/The.Walking.Dead.S02/The.Walking.Dead.S02E10.mp4</link>
<thumbnail>http://media.dangcaphd.com/public/cf2f5055392337f702f172ff0d1a3ebd_thumb.jpg</thumbnail>
<title>The Walking Dead Season 2 -  Xác Sống 2  - 2011 - Tập 11</title>
<link>http://server1.dangcaphd.com/p6jdqdE5QKfXAYgVphim/phimbo/The.Walking.Dead.S02/The.Walking.Dead.S02E11.mp4</link>
<thumbnail>http://media.dangcaphd.com/public/cf2f5055392337f702f172ff0d1a3ebd_thumb.jpg</thumbnail>
<title>The Walking Dead Season 2 -  Xác Sống 2  - 2011 - Tập 12</title>
<link>http://server1.dangcaphd.com/p6jdqdE5QKfXAYgVphim/phimbo/The.Walking.Dead.S02/The.Walking.Dead.S02E12.mp4</link>
<thumbnail>http://media.dangcaphd.com/public/cf2f5055392337f702f172ff0d1a3ebd_thumb.jpg</thumbnail>
<title>The Walking Dead Season 2 -  Xác Sống 2  - 2011 - Tập 13</title>
<link>http://server1.dangcaphd.com/p6jdqdE5QKfXAYgVphim/phimbo/The.Walking.Dead.S02/The.Walking.Dead.S02E13.mp4</link>
<thumbnail>http://media.dangcaphd.com/public/cf2f5055392337f702f172ff0d1a3ebd_thumb.jpg</thumbnail>
<title>The Walking Dead Season 1 -  Xác Sống 1 - 2010 - Tập 1</title>
<link>http://server1.dangcaphd.com/p6jdqdE5QKfXAYgVphim/phimbo/The.Walking.Dead.S01/The.Walking.Dead.S01E01.mp4</link>
<thumbnail>http://media.dangcaphd.com/public/4e06ea433a894f68ec5998f7d9ef7386_thumb.jpg</thumbnail>
<title>The Walking Dead Season 1 -  Xác Sống 1 - 2010 - Tập 2</title>
<link>http://server1.dangcaphd.com/p6jdqdE5QKfXAYgVphim/phimbo/The.Walking.Dead.S01/The.Walking.Dead.S01E02.mp4</link>
<thumbnail>http://media.dangcaphd.com/public/4e06ea433a894f68ec5998f7d9ef7386_thumb.jpg</thumbnail>
<title>The Walking Dead Season 1 -  Xác Sống 1 - 2010 - Tập 3</title>
<link>http://server1.dangcaphd.com/p6jdqdE5QKfXAYgVphim/phimbo/The.Walking.Dead.S01/The.Walking.Dead.S01E03.mp4</link>
<thumbnail>http://media.dangcaphd.com/public/4e06ea433a894f68ec5998f7d9ef7386_thumb.jpg</thumbnail>
<title>The Walking Dead Season 1 -  Xác Sống 1 - 2010 - Tập 4</title>
<link>http://server1.dangcaphd.com/p6jdqdE5QKfXAYgVphim/phimbo/The.Walking.Dead.S01/The.Walking.Dead.S01E04.mp4</link>
<thumbnail>http://media.dangcaphd.com/public/4e06ea433a894f68ec5998f7d9ef7386_thumb.jpg</thumbnail>
<title>The Walking Dead Season 1 -  Xác Sống 1 - 2010 - Tập 5</title>
<link>http://server1.dangcaphd.com/p6jdqdE5QKfXAYgVphim/phimbo/The.Walking.Dead.S01/The.Walking.Dead.S01E05.mp4</link>
<thumbnail>http://media.dangcaphd.com/public/4e06ea433a894f68ec5998f7d9ef7386_thumb.jpg</thumbnail>
<title>The Walking Dead Season 1 -  Xác Sống 1 - 2010 - Tập 6</title>
<link>http://server1.dangcaphd.com/p6jdqdE5QKfXAYgVphim/phimbo/The.Walking.Dead.S01/The.Walking.Dead.S01E06.mp4</link>
<thumbnail>http://media.dangcaphd.com/public/4e06ea433a894f68ec5998f7d9ef7386_thumb.jpg</thumbnail>
<title>Arrow Season 1 - Mũi Tên Xanh Phần 1 - 2012 - Tập 1</title>
<link>http://server2.dangcaphd.com/3ZKc7Af3BGZrgWSrNggs/Phim Bo/Arrow.S01/Arrow.S01E01.mp4</link>
<thumbnail>http://media.dangcaphd.com/public/9e35a910c9c4627418b127e5e031d02b_thumb.jpg</thumbnail>
<title>Arrow Season 1 - Mũi Tên Xanh Phần 1 - 2012 - Tập 2</title>
<link>http://server2.dangcaphd.com/3ZKc7Af3BGZrgWSrNggs/Phim Bo/Arrow.S01/Arrow.S01E02.mp4</link>
<thumbnail>http://media.dangcaphd.com/public/9e35a910c9c4627418b127e5e031d02b_thumb.jpg</thumbnail>
<title>Arrow Season 1 - Mũi Tên Xanh Phần 1 - 2012 - Tập 3</title>
<link>http://server2.dangcaphd.com/3ZKc7Af3BGZrgWSrNggs/Phim Bo/Arrow.S01/Arrow.S01E03.mp4</link>
<thumbnail>http://media.dangcaphd.com/public/9e35a910c9c4627418b127e5e031d02b_thumb.jpg</thumbnail>
<title>Arrow Season 1 - Mũi Tên Xanh Phần 1 - 2012 - Tập 4</title>
<link>http://server2.dangcaphd.com/3ZKc7Af3BGZrgWSrNggs/Phim Bo/Arrow.S01/Arrow.S01E04.mp4</link>
<thumbnail>http://media.dangcaphd.com/public/9e35a910c9c4627418b127e5e031d02b_thumb.jpg</thumbnail>
<title>Arrow Season 1 - Mũi Tên Xanh Phần 1 - 2012 - Tập 5</title>
<link>http://server2.dangcaphd.com/3ZKc7Af3BGZrgWSrNggs/Phim Bo/Arrow.S01/Arrow.S01E05.mp4</link>
<thumbnail>http://media.dangcaphd.com/public/9e35a910c9c4627418b127e5e031d02b_thumb.jpg</thumbnail>
<title>Arrow Season 1 - Mũi Tên Xanh Phần 1 - 2012 - Tập 6</title>
<link>http://server2.dangcaphd.com/3ZKc7Af3BGZrgWSrNggs/Phim Bo/Arrow.S01/Arrow.S01E06.mp4</link>
<thumbnail>http://media.dangcaphd.com/public/9e35a910c9c4627418b127e5e031d02b_thumb.jpg</thumbnail>
<title>Arrow Season 1 - Mũi Tên Xanh Phần 1 - 2012 - Tập 7</title>
<link>http://server2.dangcaphd.com/3ZKc7Af3BGZrgWSrNggs/Phim Bo/Arrow.S01/Arrow.S01E07.mp4</link>
<thumbnail>http://media.dangcaphd.com/public/9e35a910c9c4627418b127e5e031d02b_thumb.jpg</thumbnail>
<title>Arrow Season 1 - Mũi Tên Xanh Phần 1 - 2012 - Tập 8</title>
<link>http://server2.dangcaphd.com/3ZKc7Af3BGZrgWSrNggs/Phim Bo/Arrow.S01/Arrow.S01E08.mp4</link>
<thumbnail>http://media.dangcaphd.com/public/9e35a910c9c4627418b127e5e031d02b_thumb.jpg</thumbnail>
<title>Arrow Season 1 - Mũi Tên Xanh Phần 1 - 2012 - Tập 9</title>
<link>http://server2.dangcaphd.com/3ZKc7Af3BGZrgWSrNggs/Phim Bo/Arrow.S01/Arrow.S01E09.mp4</link>
<thumbnail>http://media.dangcaphd.com/public/9e35a910c9c4627418b127e5e031d02b_thumb.jpg</thumbnail>
<title>Arrow Season 1 - Mũi Tên Xanh Phần 1 - 2012 - Tập 10</title>
<link>http://server2.dangcaphd.com/3ZKc7Af3BGZrgWSrNggs/Phim Bo/Arrow.S01/Arrow.S01E10.mp4</link>
<thumbnail>http://media.dangcaphd.com/public/9e35a910c9c4627418b127e5e031d02b_thumb.jpg</thumbnail>
<title>Arrow Season 1 - Mũi Tên Xanh Phần 1 - 2012 - Tập 11</title>
<link>http://server2.dangcaphd.com/3ZKc7Af3BGZrgWSrNggs/Phim Bo/Arrow.S01/Arrow.S01E11.mp4</link>
<thumbnail>http://media.dangcaphd.com/public/9e35a910c9c4627418b127e5e031d02b_thumb.jpg</thumbnail>
<title>Arrow Season 1 - Mũi Tên Xanh Phần 1 - 2012 - Tập 12</title>
<link>http://server2.dangcaphd.com/3ZKc7Af3BGZrgWSrNggs/Phim Bo/Arrow.S01/Arrow.S01E12.mp4</link>
<thumbnail>http://media.dangcaphd.com/public/9e35a910c9c4627418b127e5e031d02b_thumb.jpg</thumbnail>
<title>Arrow Season 1 - Mũi Tên Xanh Phần 1 - 2012 - Tập 13</title>
<link>http://server2.dangcaphd.com/3ZKc7Af3BGZrgWSrNggs/Phim Bo/Arrow.S01/Arrow.S01E13.mp4</link>
<thumbnail>http://media.dangcaphd.com/public/9e35a910c9c4627418b127e5e031d02b_thumb.jpg</thumbnail>
<title>Arrow Season 1 - Mũi Tên Xanh Phần 1 - 2012 - Tập 14</title>
<link>http://server2.dangcaphd.com/3ZKc7Af3BGZrgWSrNggs/Phim Bo/Arrow.S01/Arrow.S01E14.mp4</link>
<thumbnail>http://media.dangcaphd.com/public/9e35a910c9c4627418b127e5e031d02b_thumb.jpg</thumbnail>
<title>Arrow Season 1 - Mũi Tên Xanh Phần 1 - 2012 - Tập 15</title>
<link>http://server2.dangcaphd.com/3ZKc7Af3BGZrgWSrNggs/Phim Bo/Arrow.S01/Arrow.S01E15.mp4</link>
<thumbnail>http://media.dangcaphd.com/public/9e35a910c9c4627418b127e5e031d02b_thumb.jpg</thumbnail>
<title>Arrow Season 1 - Mũi Tên Xanh Phần 1 - 2012 - Tập 16</title>
<link>http://server2.dangcaphd.com/3ZKc7Af3BGZrgWSrNggs/Phim Bo/Arrow.S01/Arrow.S01E16.mp4</link>
<thumbnail>http://media.dangcaphd.com/public/9e35a910c9c4627418b127e5e031d02b_thumb.jpg</thumbnail>
<title>Arrow Season 1 - Mũi Tên Xanh Phần 1 - 2012 - Tập 17</title>
<link>http://server2.dangcaphd.com/3ZKc7Af3BGZrgWSrNggs/Phim Bo/Arrow.S01/Arrow.S01E17.mp4</link>
<thumbnail>http://media.dangcaphd.com/public/9e35a910c9c4627418b127e5e031d02b_thumb.jpg</thumbnail>
<title>Arrow Season 1 - Mũi Tên Xanh Phần 1 - 2012 - Tập 18</title>
<link>http://server2.dangcaphd.com/3ZKc7Af3BGZrgWSrNggs/Phim Bo/Arrow.S01/Arrow.S01E18.mp4</link>
<thumbnail>http://media.dangcaphd.com/public/9e35a910c9c4627418b127e5e031d02b_thumb.jpg</thumbnail>
<title>Arrow Season 1 - Mũi Tên Xanh Phần 1 - 2012 - Tập 19</title>
<link>http://server2.dangcaphd.com/3ZKc7Af3BGZrgWSrNggs/Phim Bo/Arrow.S01/Arrow.S01E19.mp4</link>
<thumbnail>http://media.dangcaphd.com/public/9e35a910c9c4627418b127e5e031d02b_thumb.jpg</thumbnail>
<title>Arrow Season 1 - Mũi Tên Xanh Phần 1 - 2012 - Tập 20</title>
<link>http://server2.dangcaphd.com/3ZKc7Af3BGZrgWSrNggs/Phim Bo/Arrow.S01/Arrow.S01E20.mp4</link>
<thumbnail>http://media.dangcaphd.com/public/9e35a910c9c4627418b127e5e031d02b_thumb.jpg</thumbnail>
<title>Arrow Season 1 - Mũi Tên Xanh Phần 1 - 2012 - Tập 21</title>
<link>http://server2.dangcaphd.com/3ZKc7Af3BGZrgWSrNggs/Phim Bo/Arrow.S01/Arrow.S01E21.mp4</link>
<thumbnail>http://media.dangcaphd.com/public/9e35a910c9c4627418b127e5e031d02b_thumb.jpg</thumbnail>
<title>Arrow Season 1 - Mũi Tên Xanh Phần 1 - 2012 - Tập 22</title>
<link>http://server2.dangcaphd.com/3ZKc7Af3BGZrgWSrNggs/Phim Bo/Arrow.S01/Arrow.S01E22.mp4</link>
<thumbnail>http://media.dangcaphd.com/public/9e35a910c9c4627418b127e5e031d02b_thumb.jpg</thumbnail>
<title>Arrow Season 1 - Mũi Tên Xanh Phần 1 - 2012 - Tập 23</title>
<link>http://server2.dangcaphd.com/3ZKc7Af3BGZrgWSrNggs/Phim Bo/Arrow.S01/Arrow.S01E23.mp4</link>
<thumbnail>http://media.dangcaphd.com/public/9e35a910c9c4627418b127e5e031d02b_thumb.jpg</thumbnail>
<title>The Walking Dead Season 3 - Xác Sống 3 - 2012 - Tập 1</title>
<link>http://server1.dangcaphd.com/p6jdqdE5QKfXAYgVphim/phimbo/The.Walking.Dead.S03/The.Walking.Dead.S03E01.mp4</link>
<thumbnail>http://media.dangcaphd.com/public/9cf056689071c5b1cd29d519eeb6f801_thumb.jpg</thumbnail>
<title>The Walking Dead Season 3 - Xác Sống 3 - 2012 - Tập 2</title>
<link>http://server1.dangcaphd.com/p6jdqdE5QKfXAYgVphim/phimbo/The.Walking.Dead.S03/The.Walking.Dead.S03E02.mp4</link>
<thumbnail>http://media.dangcaphd.com/public/9cf056689071c5b1cd29d519eeb6f801_thumb.jpg</thumbnail>
<title>The Walking Dead Season 3 - Xác Sống 3 - 2012 - Tập 3</title>
<link>http://server1.dangcaphd.com/p6jdqdE5QKfXAYgVphim/phimbo/The.Walking.Dead.S03/The.Walking.Dead.S03E03.mp4</link>
<thumbnail>http://media.dangcaphd.com/public/9cf056689071c5b1cd29d519eeb6f801_thumb.jpg</thumbnail>
<title>The Walking Dead Season 3 - Xác Sống 3 - 2012 - Tập 4</title>
<link>http://server1.dangcaphd.com/p6jdqdE5QKfXAYgVphim/phimbo/The.Walking.Dead.S03/The.Walking.Dead.S03E04.mp4</link>
<thumbnail>http://media.dangcaphd.com/public/9cf056689071c5b1cd29d519eeb6f801_thumb.jpg</thumbnail>
<title>The Walking Dead Season 3 - Xác Sống 3 - 2012 - Tập 5</title>
<link>http://server1.dangcaphd.com/p6jdqdE5QKfXAYgVphim/phimbo/The.Walking.Dead.S03/The.Walking.Dead.S03E05.mp4</link>
<thumbnail>http://media.dangcaphd.com/public/9cf056689071c5b1cd29d519eeb6f801_thumb.jpg</thumbnail>
<title>The Walking Dead Season 3 - Xác Sống 3 - 2012 - Tập 6</title>
<link>http://server1.dangcaphd.com/p6jdqdE5QKfXAYgVphim/phimbo/The.Walking.Dead.S03/The.Walking.Dead.S03E06.mp4</link>
<thumbnail>http://media.dangcaphd.com/public/9cf056689071c5b1cd29d519eeb6f801_thumb.jpg</thumbnail>
<title>The Walking Dead Season 3 - Xác Sống 3 - 2012 - Tập 7</title>
<link>http://server1.dangcaphd.com/p6jdqdE5QKfXAYgVphim/phimbo/The.Walking.Dead.S03/The.Walking.Dead.S03E07.mp4</link>
<thumbnail>http://media.dangcaphd.com/public/9cf056689071c5b1cd29d519eeb6f801_thumb.jpg</thumbnail>
<title>The Walking Dead Season 3 - Xác Sống 3 - 2012 - Tập 8</title>
<link>http://server1.dangcaphd.com/p6jdqdE5QKfXAYgVphim/phimbo/The.Walking.Dead.S03/The.Walking.Dead.S03E08.mp4</link>
<thumbnail>http://media.dangcaphd.com/public/9cf056689071c5b1cd29d519eeb6f801_thumb.jpg</thumbnail>
<title>The Walking Dead Season 3 - Xác Sống 3 - 2012 - Tập 9</title>
<link>http://server1.dangcaphd.com/p6jdqdE5QKfXAYgVphim/phimbo/The.Walking.Dead.S03/The.Walking.Dead.S03E09.mp4</link>
<thumbnail>http://media.dangcaphd.com/public/9cf056689071c5b1cd29d519eeb6f801_thumb.jpg</thumbnail>
<title>The Walking Dead Season 3 - Xác Sống 3 - 2012 - Tập 10</title>
<link>http://server1.dangcaphd.com/p6jdqdE5QKfXAYgVphim/phimbo/The.Walking.Dead.S03/The.Walking.Dead.S03E10.mp4</link>
<thumbnail>http://media.dangcaphd.com/public/9cf056689071c5b1cd29d519eeb6f801_thumb.jpg</thumbnail>
<title>The Walking Dead Season 3 - Xác Sống 3 - 2012 - Tập 11</title>
<link>http://server1.dangcaphd.com/p6jdqdE5QKfXAYgVphim/phimbo/The.Walking.Dead.S03/The.Walking.Dead.S03E11.mp4</link>
<thumbnail>http://media.dangcaphd.com/public/9cf056689071c5b1cd29d519eeb6f801_thumb.jpg</thumbnail>
<title>The Walking Dead Season 3 - Xác Sống 3 - 2012 - Tập 12</title>
<link>http://server1.dangcaphd.com/p6jdqdE5QKfXAYgVphim/phimbo/The.Walking.Dead.S03/The.Walking.Dead.S03E12.mp4</link>
<thumbnail>http://media.dangcaphd.com/public/9cf056689071c5b1cd29d519eeb6f801_thumb.jpg</thumbnail>
<title>The Walking Dead Season 3 - Xác Sống 3 - 2012 - Tập 13</title>
<link>http://server1.dangcaphd.com/p6jdqdE5QKfXAYgVphim/phimbo/The.Walking.Dead.S03/The.Walking.Dead.S03E13.mp4</link>
<thumbnail>http://media.dangcaphd.com/public/9cf056689071c5b1cd29d519eeb6f801_thumb.jpg</thumbnail>
<title>The Walking Dead Season 3 - Xác Sống 3 - 2012 - Tập 14</title>
<link>http://server1.dangcaphd.com/p6jdqdE5QKfXAYgVphim/phimbo/The.Walking.Dead.S03/The.Walking.Dead.S03E14.mp4</link>
<thumbnail>http://media.dangcaphd.com/public/9cf056689071c5b1cd29d519eeb6f801_thumb.jpg</thumbnail>
<title>The Walking Dead Season 3 - Xác Sống 3 - 2012 - Tập 15</title>
<link>http://server1.dangcaphd.com/p6jdqdE5QKfXAYgVphim/phimbo/The.Walking.Dead.S03/The.Walking.Dead.S03E15.mp4</link>
<thumbnail>http://media.dangcaphd.com/public/9cf056689071c5b1cd29d519eeb6f801_thumb.jpg</thumbnail>
<title>The Walking Dead Season 3 - Xác Sống 3 - 2012 - Tập 16</title>
<link>http://server1.dangcaphd.com/p6jdqdE5QKfXAYgVphim/phimbo/The.Walking.Dead.S03/The.Walking.Dead.S03E16.mp4</link>
<thumbnail>http://media.dangcaphd.com/public/9cf056689071c5b1cd29d519eeb6f801_thumb.jpg</thumbnail>
<title>Ngôi Nhà Gỗ Trong Rừng - The Cabin in the Woods (2011) - Tập 1</title>
<link>http://server1.dangcaphd.com/p6jdqdE5QKfXAYgVphim/The.Cabin.in.the.Woods.2011_0_600.mp4</link>
<thumbnail>http://media.dangcaphd.com/public/cf3a1b2206fc5b80a99ca8d77dcb9c8f_thumb.jpg</thumbnail>
<title>The Walking Dead : Season 4 - Xác Sống 4 (2013) - Tập 1</title>
<link>http://server1.dangcaphd.com/p6jdqdE5QKfXAYgVphim/phimbo/The.Walking.Dead.S04/The.Walking.Dead.S04E01.mp4</link>
<thumbnail>http://media.dangcaphd.com/public/662c25a9717c032f11a402f3eb0153f3_thumb.jpg</thumbnail>
<title>The Walking Dead : Season 4 - Xác Sống 4 (2013) - Tập 2</title>
<link>http://server1.dangcaphd.com/p6jdqdE5QKfXAYgVphim/phimbo/The.Walking.Dead.S04/The.Walking.Dead.S04E02.mp4</link>
<thumbnail>http://media.dangcaphd.com/public/662c25a9717c032f11a402f3eb0153f3_thumb.jpg</thumbnail>
<title>The Walking Dead : Season 4 - Xác Sống 4 (2013) - Tập 3</title>
<link>http://server1.dangcaphd.com/p6jdqdE5QKfXAYgVphim/phimbo/The.Walking.Dead.S04/The.Walking.Dead.S04E03.mp4</link>
<thumbnail>http://media.dangcaphd.com/public/662c25a9717c032f11a402f3eb0153f3_thumb.jpg</thumbnail>
<title>The Walking Dead : Season 4 - Xác Sống 4 (2013) - Tập 4</title>
<link>http://server1.dangcaphd.com/p6jdqdE5QKfXAYgVphim/phimbo/The.Walking.Dead.S04/The.Walking.Dead.S04E04.mp4</link>
<thumbnail>http://media.dangcaphd.com/public/662c25a9717c032f11a402f3eb0153f3_thumb.jpg</thumbnail>
<title>The Walking Dead : Season 4 - Xác Sống 4 (2013) - Tập 5</title>
<link>http://server1.dangcaphd.com/p6jdqdE5QKfXAYgVphim/phimbo/The.Walking.Dead.S04/The.Walking.Dead.S04E05.mp4</link>
<thumbnail>http://media.dangcaphd.com/public/662c25a9717c032f11a402f3eb0153f3_thumb.jpg</thumbnail>
<title>The Walking Dead : Season 4 - Xác Sống 4 (2013) - Tập 6</title>
<link>http://server1.dangcaphd.com/p6jdqdE5QKfXAYgVphim/phimbo/The.Walking.Dead.S04/The.Walking.Dead.S04E06.mp4</link>
<thumbnail>http://media.dangcaphd.com/public/662c25a9717c032f11a402f3eb0153f3_thumb.jpg</thumbnail>
<title>The Walking Dead : Season 4 - Xác Sống 4 (2013) - Tập 7</title>
<link>http://server1.dangcaphd.com/p6jdqdE5QKfXAYgVphim/phimbo/The.Walking.Dead.S04/The.Walking.Dead.S04E07.mp4</link>
<thumbnail>http://media.dangcaphd.com/public/662c25a9717c032f11a402f3eb0153f3_thumb.jpg</thumbnail>
<title>The Walking Dead : Season 4 - Xác Sống 4 (2013) - Tập 8</title>
<link>http://server1.dangcaphd.com/p6jdqdE5QKfXAYgVphim/phimbo/The.Walking.Dead.S04/The.Walking.Dead.S04E08.mp4</link>
<thumbnail>http://media.dangcaphd.com/public/662c25a9717c032f11a402f3eb0153f3_thumb.jpg</thumbnail>
<title>The Walking Dead : Season 4 - Xác Sống 4 (2013) - Tập 9</title>
<link>http://server1.dangcaphd.com/p6jdqdE5QKfXAYgVphim/phimbo/The.Walking.Dead.S04/The.Walking.Dead.S04E09.mp4</link>
<thumbnail>http://media.dangcaphd.com/public/662c25a9717c032f11a402f3eb0153f3_thumb.jpg</thumbnail>
<title>The Walking Dead : Season 4 - Xác Sống 4 (2013) - Tập 10</title>
<link>http://server1.dangcaphd.com/p6jdqdE5QKfXAYgVphim/phimbo/The.Walking.Dead.S04/The.Walking.Dead.S04E10.mp4</link>
<thumbnail>http://media.dangcaphd.com/public/662c25a9717c032f11a402f3eb0153f3_thumb.jpg</thumbnail>
<title>The Walking Dead : Season 4 - Xác Sống 4 (2013) - Tập 11</title>
<link>http://server1.dangcaphd.com/p6jdqdE5QKfXAYgVphim/phimbo/The.Walking.Dead.S04/The.Walking.Dead.S04E11.mp4</link>
<thumbnail>http://media.dangcaphd.com/public/662c25a9717c032f11a402f3eb0153f3_thumb.jpg</thumbnail>
<title>The Walking Dead : Season 4 - Xác Sống 4 (2013) - Tập 12</title>
<link>http://server1.dangcaphd.com/p6jdqdE5QKfXAYgVphim/phimbo/The.Walking.Dead.S04/The.Walking.Dead.S04E12.mp4</link>
<thumbnail>http://media.dangcaphd.com/public/662c25a9717c032f11a402f3eb0153f3_thumb.jpg</thumbnail>
<title>The Walking Dead : Season 4 - Xác Sống 4 (2013) - Tập 13</title>
<link>http://server1.dangcaphd.com/p6jdqdE5QKfXAYgVphim/phimbo/The.Walking.Dead.S04/The.Walking.Dead.S04E13.mp4</link>
<thumbnail>http://media.dangcaphd.com/public/662c25a9717c032f11a402f3eb0153f3_thumb.jpg</thumbnail>
<title>The Walking Dead : Season 4 - Xác Sống 4 (2013) - Tập 14</title>
<link>http://server2.dangcaphd.com/3ZKc7Af3BGZrgWSrNggs/Phim Bo/The.Walking.Dead.S04/The.Walking.Dead.S04E14.mp4</link>
<thumbnail>http://media.dangcaphd.com/public/662c25a9717c032f11a402f3eb0153f3_thumb.jpg</thumbnail>
<title>The Walking Dead : Season 4 - Xác Sống 4 (2013) - Tập 15</title>
<link>http://server2.dangcaphd.com/3ZKc7Af3BGZrgWSrNggs/Phim Bo/The.Walking.Dead.S04/The.Walking.Dead.S04E15.mp4</link>
<thumbnail>http://media.dangcaphd.com/public/662c25a9717c032f11a402f3eb0153f3_thumb.jpg</thumbnail>
<title>The Walking Dead : Season 4 - Xác Sống 4 (2013) - Tập 16</title>
<link>http://server2.dangcaphd.com/3ZKc7Af3BGZrgWSrNggs/Phim Bo/The.Walking.Dead.S04/The.Walking.Dead.S04E16.mp4</link>
<thumbnail>http://media.dangcaphd.com/public/662c25a9717c032f11a402f3eb0153f3_thumb.jpg</thumbnail>
</stream>




