<?xml version="1.0" encoding="utf-8" standalone="yes"?>
<stream>
<title>Paris By Night 80 - Tập 1</title>
<link>http://server3.dangcaphd.com/p4R4cDQnzcUagcNa/ThuyNga/Thuy.Nga.80.Tet.Khap.Moi.Nha.Disc1.mp4</link>
<thumbnail>http://media.dangcaphd.com/public/343a7e2432da2efe48d38843c36e2b8c_thumb.jpg</thumbnail>
<title>Paris By Night 80 - Tập 2</title>
<link>http://server3.dangcaphd.com/p4R4cDQnzcUagcNa/ThuyNga/Thuy.Nga.80.Tet.Khap.Moi.Nha.Disc2.mp4</link>
<thumbnail>http://media.dangcaphd.com/public/343a7e2432da2efe48d38843c36e2b8c_thumb.jpg</thumbnail>
<title>American Horror Story Season 4 - Ngôi Nhà Ma Ám Phần 4 - 2014 (13/13 Tập) - Tập 1</title>
<link>http://server3.dangcaphd.com/p4R4cDQnzcUagcNa/phimbo0710/American.Horror.Story.S04/American.Horror.Story.S04E01.mp4</link>
<thumbnail>http://media.dangcaphd.com/public/53a65af41ac3fec06135c885002f4eb2_thumb.jpg</thumbnail>
<title>American Horror Story Season 4 - Ngôi Nhà Ma Ám Phần 4 - 2014 (13/13 Tập) - Tập 2</title>
<link>http://server3.dangcaphd.com/p4R4cDQnzcUagcNa/phimbo0710/American.Horror.Story.S04/American.Horror.Story.S04E02.mp4</link>
<thumbnail>http://media.dangcaphd.com/public/53a65af41ac3fec06135c885002f4eb2_thumb.jpg</thumbnail>
<title>American Horror Story Season 4 - Ngôi Nhà Ma Ám Phần 4 - 2014 (13/13 Tập) - Tập 3</title>
<link>http://server3.dangcaphd.com/p4R4cDQnzcUagcNa/phimbo0710/American.Horror.Story.S04/American.Horror.Story.S04E03.mp4</link>
<thumbnail>http://media.dangcaphd.com/public/53a65af41ac3fec06135c885002f4eb2_thumb.jpg</thumbnail>
<title>American Horror Story Season 4 - Ngôi Nhà Ma Ám Phần 4 - 2014 (13/13 Tập) - Tập 4</title>
<link>http://server3.dangcaphd.com/p4R4cDQnzcUagcNa/phimbo0710/American.Horror.Story.S04/American.Horror.Story.S04E04.mp4</link>
<thumbnail>http://media.dangcaphd.com/public/53a65af41ac3fec06135c885002f4eb2_thumb.jpg</thumbnail>
<title>American Horror Story Season 4 - Ngôi Nhà Ma Ám Phần 4 - 2014 (13/13 Tập) - Tập 5</title>
<link>http://server3.dangcaphd.com/p4R4cDQnzcUagcNa/phimbo0710/American.Horror.Story.S04/American.Horror.Story.S04E05.mp4</link>
<thumbnail>http://media.dangcaphd.com/public/53a65af41ac3fec06135c885002f4eb2_thumb.jpg</thumbnail>
<title>American Horror Story Season 4 - Ngôi Nhà Ma Ám Phần 4 - 2014 (13/13 Tập) - Tập 6</title>
<link>http://server3.dangcaphd.com/p4R4cDQnzcUagcNa/phimbo0710/American.Horror.Story.S04/American.Horror.Story.S04E06.mp4</link>
<thumbnail>http://media.dangcaphd.com/public/53a65af41ac3fec06135c885002f4eb2_thumb.jpg</thumbnail>
<title>American Horror Story Season 4 - Ngôi Nhà Ma Ám Phần 4 - 2014 (13/13 Tập) - Tập 7</title>
<link>http://server3.dangcaphd.com/p4R4cDQnzcUagcNa/phimbo0710/American.Horror.Story.S04/American.Horror.Story.S04E07.mp4</link>
<thumbnail>http://media.dangcaphd.com/public/53a65af41ac3fec06135c885002f4eb2_thumb.jpg</thumbnail>
<title>American Horror Story Season 4 - Ngôi Nhà Ma Ám Phần 4 - 2014 (13/13 Tập) - Tập 8</title>
<link>http://server3.dangcaphd.com/p4R4cDQnzcUagcNa/phimbo0710/American.Horror.Story.S04/American.Horror.Story.S04E08.mp4</link>
<thumbnail>http://media.dangcaphd.com/public/53a65af41ac3fec06135c885002f4eb2_thumb.jpg</thumbnail>
<title>American Horror Story Season 4 - Ngôi Nhà Ma Ám Phần 4 - 2014 (13/13 Tập) - Tập 9</title>
<link>http://server3.dangcaphd.com/p4R4cDQnzcUagcNa/phimbo0710/American.Horror.Story.S04/American.Horror.Story.S04E09.mp4</link>
<thumbnail>http://media.dangcaphd.com/public/53a65af41ac3fec06135c885002f4eb2_thumb.jpg</thumbnail>
<title>American Horror Story Season 4 - Ngôi Nhà Ma Ám Phần 4 - 2014 (13/13 Tập) - Tập 10</title>
<link>http://server3.dangcaphd.com/p4R4cDQnzcUagcNa/phimbo0710/American.Horror.Story.S04/American.Horror.Story.S04E10.mp4</link>
<thumbnail>http://media.dangcaphd.com/public/53a65af41ac3fec06135c885002f4eb2_thumb.jpg</thumbnail>
<title>American Horror Story Season 4 - Ngôi Nhà Ma Ám Phần 4 - 2014 (13/13 Tập) - Tập 11</title>
<link>http://server3.dangcaphd.com/p4R4cDQnzcUagcNa/phimbo0710/American.Horror.Story.S04/American.Horror.Story.S04E11.mp4</link>
<thumbnail>http://media.dangcaphd.com/public/53a65af41ac3fec06135c885002f4eb2_thumb.jpg</thumbnail>
<title>American Horror Story Season 4 - Ngôi Nhà Ma Ám Phần 4 - 2014 (13/13 Tập) - Tập 12</title>
<link>http://server3.dangcaphd.com/p4R4cDQnzcUagcNa/phimbo0710/American.Horror.Story.S04/American.Horror.Story.S04E12.mp4</link>
<thumbnail>http://media.dangcaphd.com/public/53a65af41ac3fec06135c885002f4eb2_thumb.jpg</thumbnail>
<title>American Horror Story Season 4 - Ngôi Nhà Ma Ám Phần 4 - 2014 (13/13 Tập) - Tập 13</title>
<link>http://server3.dangcaphd.com/p4R4cDQnzcUagcNa/phimbo0710/American.Horror.Story.S04/American.Horror.Story.S04E13.mp4</link>
<thumbnail>http://media.dangcaphd.com/public/53a65af41ac3fec06135c885002f4eb2_thumb.jpg</thumbnail>
<title>Vân Sơn 22 - Tập 1</title>
<link>http://server3.dangcaphd.com/p4R4cDQnzcUagcNa/Vanson/VanSon22-VatdoiSaodoiD1(DVD5).mp4</link>
<thumbnail>http://media.dangcaphd.com/public/1eba59931a6dfed58d610ea7ee84ded2_thumb.jpg</thumbnail>
<title>Vân Sơn 22 - Tập 2</title>
<link>http://server3.dangcaphd.com/p4R4cDQnzcUagcNa/Vanson/VanSon22-VatdoiSaodoiD2(DVD5).mp4</link>
<thumbnail>http://media.dangcaphd.com/public/1eba59931a6dfed58d610ea7ee84ded2_thumb.jpg</thumbnail>
<title>Vân Sơn 23 - Tập 1</title>
<link>http://server3.dangcaphd.com/p4R4cDQnzcUagcNa/Vanson/VanSon23-Vuotbiengioi(InThailand)D1DVD9.mp4</link>
<thumbnail>http://media.dangcaphd.com/public/6338835dc8cd95d3de2f861dda3f6092_thumb.jpg</thumbnail>
<title>Vân Sơn 23 - Tập 2</title>
<link>http://server3.dangcaphd.com/p4R4cDQnzcUagcNa/Vanson/VanSon23-Vuotbiengioi(InThailand)D2DVD9.mp4</link>
<thumbnail>http://media.dangcaphd.com/public/6338835dc8cd95d3de2f861dda3f6092_thumb.jpg</thumbnail>
<title>Vân Sơn 24 - Tập 1</title>
<link>http://server3.dangcaphd.com/p4R4cDQnzcUagcNa/Vanson/VanSon24-SankhauvaNucuoi(InBangKok)D1DVD9.mp4</link>
<thumbnail>http://media.dangcaphd.com/public/28c0219af9182e22158e0e24c6aecb67_thumb.jpg</thumbnail>
<title>Vân Sơn 24 - Tập 2</title>
<link>http://server3.dangcaphd.com/p4R4cDQnzcUagcNa/Vanson/VanSon24-SankhauvaNucuoi(InBangKok)D2DVD9.mp4</link>
<thumbnail>http://media.dangcaphd.com/public/28c0219af9182e22158e0e24c6aecb67_thumb.jpg</thumbnail>
<title>Arrow Season 3 - Mũi Tên Xanh 3 - 2014 (Tập 22/20) - Tập 1</title>
<link>http://server3.dangcaphd.com/p4R4cDQnzcUagcNa/phimbo0710/Arrow.S03/Arrow.S03E01.mp4</link>
<thumbnail>http://media.dangcaphd.com/public/1676aff31dac655fa77fd80ecac3d5ea_thumb.jpg</thumbnail>
<title>Arrow Season 3 - Mũi Tên Xanh 3 - 2014 (Tập 22/20) - Tập 2</title>
<link>http://server3.dangcaphd.com/p4R4cDQnzcUagcNa/phimbo0710/Arrow.S03/Arrow.S03E02.mp4</link>
<thumbnail>http://media.dangcaphd.com/public/1676aff31dac655fa77fd80ecac3d5ea_thumb.jpg</thumbnail>
<title>Arrow Season 3 - Mũi Tên Xanh 3 - 2014 (Tập 22/20) - Tập 3</title>
<link>http://server3.dangcaphd.com/p4R4cDQnzcUagcNa/phimbo0710/Arrow.S03/Arrow.S03E03.mp4</link>
<thumbnail>http://media.dangcaphd.com/public/1676aff31dac655fa77fd80ecac3d5ea_thumb.jpg</thumbnail>
<title>Arrow Season 3 - Mũi Tên Xanh 3 - 2014 (Tập 22/20) - Tập 4</title>
<link>http://server3.dangcaphd.com/p4R4cDQnzcUagcNa/phimbo0710/Arrow.S03/Arrow.S03E04.mp4</link>
<thumbnail>http://media.dangcaphd.com/public/1676aff31dac655fa77fd80ecac3d5ea_thumb.jpg</thumbnail>
<title>Arrow Season 3 - Mũi Tên Xanh 3 - 2014 (Tập 22/20) - Tập 5</title>
<link>http://server3.dangcaphd.com/p4R4cDQnzcUagcNa/phimbo0710/Arrow.S03/Arrow.S03E05.mp4</link>
<thumbnail>http://media.dangcaphd.com/public/1676aff31dac655fa77fd80ecac3d5ea_thumb.jpg</thumbnail>
<title>Arrow Season 3 - Mũi Tên Xanh 3 - 2014 (Tập 22/20) - Tập 6</title>
<link>http://server3.dangcaphd.com/p4R4cDQnzcUagcNa/phimbo0710/Arrow.S03/Arrow.S03E06.mp4</link>
<thumbnail>http://media.dangcaphd.com/public/1676aff31dac655fa77fd80ecac3d5ea_thumb.jpg</thumbnail>
<title>Arrow Season 3 - Mũi Tên Xanh 3 - 2014 (Tập 22/20) - Tập 7</title>
<link>http://server3.dangcaphd.com/p4R4cDQnzcUagcNa/phimbo0710/Arrow.S03/Arrow.S03E07.mp4</link>
<thumbnail>http://media.dangcaphd.com/public/1676aff31dac655fa77fd80ecac3d5ea_thumb.jpg</thumbnail>
<title>Arrow Season 3 - Mũi Tên Xanh 3 - 2014 (Tập 22/20) - Tập 8</title>
<link>http://server3.dangcaphd.com/p4R4cDQnzcUagcNa/phimbo0710/Arrow.S03/Arrow.S03E08.mp4</link>
<thumbnail>http://media.dangcaphd.com/public/1676aff31dac655fa77fd80ecac3d5ea_thumb.jpg</thumbnail>
<title>Arrow Season 3 - Mũi Tên Xanh 3 - 2014 (Tập 22/20) - Tập 9</title>
<link>http://server3.dangcaphd.com/p4R4cDQnzcUagcNa/phimbo0710/Arrow.S03/Arrow.S03E09.mp4</link>
<thumbnail>http://media.dangcaphd.com/public/1676aff31dac655fa77fd80ecac3d5ea_thumb.jpg</thumbnail>
<title>Arrow Season 3 - Mũi Tên Xanh 3 - 2014 (Tập 22/20) - Tập 10</title>
<link>http://server3.dangcaphd.com/p4R4cDQnzcUagcNa/phimbo0710/Arrow.S03/Arrow.S03E10.mp4</link>
<thumbnail>http://media.dangcaphd.com/public/1676aff31dac655fa77fd80ecac3d5ea_thumb.jpg</thumbnail>
<title>Arrow Season 3 - Mũi Tên Xanh 3 - 2014 (Tập 22/20) - Tập 11</title>
<link>http://server3.dangcaphd.com/p4R4cDQnzcUagcNa/phimbo0710/Arrow.S03/Arrow.S03E11.mp4</link>
<thumbnail>http://media.dangcaphd.com/public/1676aff31dac655fa77fd80ecac3d5ea_thumb.jpg</thumbnail>
<title>Arrow Season 3 - Mũi Tên Xanh 3 - 2014 (Tập 22/20) - Tập 12</title>
<link>http://server3.dangcaphd.com/p4R4cDQnzcUagcNa/phimbo0710/Arrow.S03/Arrow.S03E12.mp4</link>
<thumbnail>http://media.dangcaphd.com/public/1676aff31dac655fa77fd80ecac3d5ea_thumb.jpg</thumbnail>
<title>Arrow Season 3 - Mũi Tên Xanh 3 - 2014 (Tập 22/20) - Tập 13</title>
<link>http://server3.dangcaphd.com/p4R4cDQnzcUagcNa/phimbo0710/Arrow.S03/Arrow.S03E13.mp4</link>
<thumbnail>http://media.dangcaphd.com/public/1676aff31dac655fa77fd80ecac3d5ea_thumb.jpg</thumbnail>
<title>Arrow Season 3 - Mũi Tên Xanh 3 - 2014 (Tập 22/20) - Tập 14</title>
<link>http://server3.dangcaphd.com/p4R4cDQnzcUagcNa/phimbo0710/Arrow.S03/Arrow.S03E14.mp4</link>
<thumbnail>http://media.dangcaphd.com/public/1676aff31dac655fa77fd80ecac3d5ea_thumb.jpg</thumbnail>
<title>Arrow Season 3 - Mũi Tên Xanh 3 - 2014 (Tập 22/20) - Tập 15</title>
<link>http://server3.dangcaphd.com/p4R4cDQnzcUagcNa/phimbo0710/Arrow.S03/Arrow.S03E15.mp4</link>
<thumbnail>http://media.dangcaphd.com/public/1676aff31dac655fa77fd80ecac3d5ea_thumb.jpg</thumbnail>
<title>Arrow Season 3 - Mũi Tên Xanh 3 - 2014 (Tập 22/20) - Tập 16</title>
<link>http://server3.dangcaphd.com/p4R4cDQnzcUagcNa/phimbo0710/Arrow.S03/Arrow.S03E16.mp4</link>
<thumbnail>http://media.dangcaphd.com/public/1676aff31dac655fa77fd80ecac3d5ea_thumb.jpg</thumbnail>
<title>Arrow Season 3 - Mũi Tên Xanh 3 - 2014 (Tập 22/20) - Tập 17</title>
<link>http://server3.dangcaphd.com/p4R4cDQnzcUagcNa/phimbo0710/Arrow.S03/Arrow.S03E17.mp4</link>
<thumbnail>http://media.dangcaphd.com/public/1676aff31dac655fa77fd80ecac3d5ea_thumb.jpg</thumbnail>
<title>Arrow Season 3 - Mũi Tên Xanh 3 - 2014 (Tập 22/20) - Tập 18</title>
<link>http://server3.dangcaphd.com/p4R4cDQnzcUagcNa/phimbo0710/Arrow.S03/Arrow.S03E18.mp4</link>
<thumbnail>http://media.dangcaphd.com/public/1676aff31dac655fa77fd80ecac3d5ea_thumb.jpg</thumbnail>
<title>Arrow Season 3 - Mũi Tên Xanh 3 - 2014 (Tập 22/20) - Tập 19</title>
<link>http://server3.dangcaphd.com/p4R4cDQnzcUagcNa/phimbo0710/Arrow.S03/Arrow.S03E19.mp4</link>
<thumbnail>http://media.dangcaphd.com/public/1676aff31dac655fa77fd80ecac3d5ea_thumb.jpg</thumbnail>
<title>Arrow Season 3 - Mũi Tên Xanh 3 - 2014 (Tập 22/20) - Tập 20</title>
<link>http://server3.dangcaphd.com/p4R4cDQnzcUagcNa/phimbo0710/Arrow.S03/Arrow.S03E20.mp4</link>
<thumbnail>http://media.dangcaphd.com/public/1676aff31dac655fa77fd80ecac3d5ea_thumb.jpg</thumbnail>
<title>Arrow Season 3 - Mũi Tên Xanh 3 - 2014 (Tập 22/20) - Tập 22</title>
<link>http://server3.dangcaphd.com/p4R4cDQnzcUagcNa/phimbo0710/Arrow.S03/Arrow.S03E22.mp4</link>
<thumbnail>http://media.dangcaphd.com/public/1676aff31dac655fa77fd80ecac3d5ea_thumb.jpg</thumbnail>
<title>Vân Sơn 19 - Tập 1</title>
<link>http://server3.dangcaphd.com/p4R4cDQnzcUagcNa/Vanson/VanSon19-SankhauvaNucuoi.mp4</link>
<thumbnail>http://media.dangcaphd.com/public/c0e975ac74de796f7aa12aa46ba37f8c_thumb.jpg</thumbnail>
<title>Vân Sơn 20 - Tập 1</title>
<link>http://server3.dangcaphd.com/p4R4cDQnzcUagcNa/Vanson/VanSon21-HoahauVietNamthegioi.mp4</link>
<thumbnail>http://media.dangcaphd.com/public/7ed7172159183e89d955ee791ec05b97_thumb.jpg</thumbnail>
<title>Vân Sơn 21 - Tập 1</title>
<link>http://server3.dangcaphd.com/p4R4cDQnzcUagcNa/Vanson/VanSon21-HoahauVietNamthegioi.mp4</link>
<thumbnail>http://media.dangcaphd.com/public/6611d790cf7a25c4db587ccc329864d9_thumb.jpg</thumbnail>
<title>Vân Sơn 39 - Tập 1</title>
<link>http://server3.dangcaphd.com/p4R4cDQnzcUagcNa/Vanson/VanSon39-MeVaQueHuongD1DVD9.mp4</link>
<thumbnail>http://media.dangcaphd.com/public/cbe668069d8e461fd40575151baccd14_thumb.PNG</thumbnail>
<title>Vân Sơn 39 - Tập 2</title>
<link>http://server3.dangcaphd.com/p4R4cDQnzcUagcNa/Vanson/VanSon39-MeVaQueHuongD2DVD9.mp4</link>
<thumbnail>http://media.dangcaphd.com/public/cbe668069d8e461fd40575151baccd14_thumb.PNG</thumbnail>
<title>Vân Sơn 40 - Tập 1</title>
<link>http://server3.dangcaphd.com/p4R4cDQnzcUagcNa/Vanson/VanSon40-Nhungchuyentinhbattu(InDallas)D1DVD9.mp4</link>
<thumbnail>http://media.dangcaphd.com/public/6b6a127427a556fe9c19ebf41c84eda0_thumb.jpg</thumbnail>
<title>Vân Sơn 40 - Tập 2</title>
<link>http://server3.dangcaphd.com/p4R4cDQnzcUagcNa/Vanson/VanSon40-Nhungchuyentinhbattu(InDallas)D2DVD9.mp4</link>
<thumbnail>http://media.dangcaphd.com/public/6b6a127427a556fe9c19ebf41c84eda0_thumb.jpg</thumbnail>
<title>Vân Sơn 41 - Tập 1</title>
<link>http://server3.dangcaphd.com/p4R4cDQnzcUagcNa/Vanson/VanSon41-QueHuongGapLaiD1DVD9.mp4</link>
<thumbnail>http://media.dangcaphd.com/public/77acad1ab885c35ec7ae08da5de8f090_thumb.jpg</thumbnail>
<title>Vân Sơn 41 - Tập 2</title>
<link>http://server3.dangcaphd.com/p4R4cDQnzcUagcNa/Vanson/VanSon41-QueHuongGapLaiD2DVD9.mp4</link>
<thumbnail>http://media.dangcaphd.com/public/77acad1ab885c35ec7ae08da5de8f090_thumb.jpg</thumbnail>
<title>Vân Sơn 43 - Tập 1</title>
<link>http://server3.dangcaphd.com/p4R4cDQnzcUagcNa/Vanson/VanSon43-NhungCungDieuQueMinhD1DVD9.mp4</link>
<thumbnail>http://media.dangcaphd.com/public/f4f0dac3c9427d43abb1f4791ccfe896_thumb.jpg</thumbnail>
<title>Vân Sơn 43 - Tập 2</title>
<link>http://server3.dangcaphd.com/p4R4cDQnzcUagcNa/Vanson/VanSon43-NhungCungDieuQueMinhD2DVD9.mp4</link>
<thumbnail>http://media.dangcaphd.com/public/f4f0dac3c9427d43abb1f4791ccfe896_thumb.jpg</thumbnail>
<title>Vân Sơn 43 - Tập 3</title>
<link>http://server3.dangcaphd.com/p4R4cDQnzcUagcNa/Vanson/VanSon43-NhungCungDieuQueMinhD3DVD9.mp4</link>
<thumbnail>http://media.dangcaphd.com/public/f4f0dac3c9427d43abb1f4791ccfe896_thumb.jpg</thumbnail>
<title>Vân Sơn 44 - Tập 1</title>
<link>http://server3.dangcaphd.com/p4R4cDQnzcUagcNa/Vanson/VanSon44-D1DVD9.mp4</link>
<thumbnail>http://media.dangcaphd.com/public/dbcc453dae3681f7e1d305becc851ceb_thumb.jpg</thumbnail>
<title>Vân Sơn 44 - Tập 2</title>
<link>http://server3.dangcaphd.com/p4R4cDQnzcUagcNa/Vanson/Vanson44-InConnecticut.Nhonha.D2.DVDRip.mp4</link>
<thumbnail>http://media.dangcaphd.com/public/dbcc453dae3681f7e1d305becc851ceb_thumb.jpg</thumbnail>
<title>Vân Sơn 45 - Tập 1</title>
<link>http://server3.dangcaphd.com/p4R4cDQnzcUagcNa/Vanson/VanSon45-InMinnesotaHuyenThoaiD1DVD9.mp4</link>
<thumbnail>http://media.dangcaphd.com/public/0b80ceb63feb01c5203a4e88e93a4a00_thumb.jpg</thumbnail>
<title>Vân Sơn 45 - Tập 2</title>
<link>http://server3.dangcaphd.com/p4R4cDQnzcUagcNa/Vanson/VanSon45-InMinnesotaHuyenThoaiD2DVD9.mp4</link>
<thumbnail>http://media.dangcaphd.com/public/0b80ceb63feb01c5203a4e88e93a4a00_thumb.jpg</thumbnail>
<title>Vân Sơn 46 - Tập 1</title>
<link>http://server3.dangcaphd.com/p4R4cDQnzcUagcNa/Vanson/VanSon46-GiuTronTinhQueD1DVD9.mp4</link>
<thumbnail>http://media.dangcaphd.com/public/6317a6a54542ca69e6782e035d1666e4_thumb.jpg</thumbnail>
<title>Vân Sơn 46 - Tập 2</title>
<link>http://server3.dangcaphd.com/p4R4cDQnzcUagcNa/Vanson/VanSon46-GiuTronTinhQueD2DVD9.mp4</link>
<thumbnail>http://media.dangcaphd.com/public/6317a6a54542ca69e6782e035d1666e4_thumb.jpg</thumbnail>
<title>Vân Sơn 46 - Tập 3</title>
<link>http://server3.dangcaphd.com/p4R4cDQnzcUagcNa/Vanson/VanSon46-GiuTronTinhQueD3DVD9.mp4</link>
<thumbnail>http://media.dangcaphd.com/public/6317a6a54542ca69e6782e035d1666e4_thumb.jpg</thumbnail>
<title>Vân Sơn 38 - Tập 1</title>
<link>http://server3.dangcaphd.com/p4R4cDQnzcUagcNa/Vanson/VanSon38-DemHoiNgoD1DVD9.mp4</link>
<thumbnail>http://media.dangcaphd.com/public/dee6b4ad6cfb84194724a086e8d58dd6_thumb.PNG</thumbnail>
<title>Vân Sơn 38 - Tập 2</title>
<link>http://server3.dangcaphd.com/p4R4cDQnzcUagcNa/Vanson/VanSon38-DemHoiNgoD2DVD9.mp4</link>
<thumbnail>http://media.dangcaphd.com/public/dee6b4ad6cfb84194724a086e8d58dd6_thumb.PNG</thumbnail>
<title>Vân Sơn 37 - Tập 1</title>
<link>http://server3.dangcaphd.com/p4R4cDQnzcUagcNa/Vanson/VanSon37-TheKingdomofCambodiaD1DVD9.mp4</link>
<thumbnail>http://media.dangcaphd.com/public/8ba26b8a67e6cd30ef90a61a79f959bb_thumb.jpg</thumbnail>
<title>Vân Sơn 37 - Tập 2</title>
<link>http://server3.dangcaphd.com/p4R4cDQnzcUagcNa/Vanson/VanSon37-TheKingdomofCambodiaD2DVD9.mp4</link>
<thumbnail>http://media.dangcaphd.com/public/8ba26b8a67e6cd30ef90a61a79f959bb_thumb.jpg</thumbnail>
<title>Vân Sơn 36 - Tập 1</title>
<link>http://server3.dangcaphd.com/p4R4cDQnzcUagcNa/Vanson/VanSon36-NguoiViettrenxuDaiLoanD1DVD9.mp4</link>
<thumbnail>http://media.dangcaphd.com/public/135c2aa0b684a994cd9976f6125f1430_thumb.jpg</thumbnail>
<title>Vân Sơn 36 - Tập 2</title>
<link>http://server3.dangcaphd.com/p4R4cDQnzcUagcNa/Vanson/VanSon36-NguoiViettrenxuDaiLoanD2DVD9.mp4</link>
<thumbnail>http://media.dangcaphd.com/public/135c2aa0b684a994cd9976f6125f1430_thumb.jpg</thumbnail>
<title>Vân Sơn 35 - Tập 1</title>
<link>http://server3.dangcaphd.com/p4R4cDQnzcUagcNa/Vanson/VanSon35-TinhnguoivienxuD1DVD9.mp4</link>
<thumbnail>http://media.dangcaphd.com/public/16e63c15653397834fd7e65482fdfbde_thumb.jpg</thumbnail>
<title>Vân Sơn 35 - Tập 2</title>
<link>http://server3.dangcaphd.com/p4R4cDQnzcUagcNa/Vanson/VanSon35-TinhnguoivienxuD2DVD9.mp4</link>
<thumbnail>http://media.dangcaphd.com/public/16e63c15653397834fd7e65482fdfbde_thumb.jpg</thumbnail>
<title>Vân Sơn 34 - Tập 1</title>
<link>http://server3.dangcaphd.com/p4R4cDQnzcUagcNa/Vanson/VanSon34-QuehuongvungtroikyniemD1DVD5.mp4</link>
<thumbnail>http://media.dangcaphd.com/public/355dc736dd49c49c646b7bb691d6c57b_thumb.PNG</thumbnail>
<title>Vân Sơn 34 - Tập 2</title>
<link>http://server3.dangcaphd.com/p4R4cDQnzcUagcNa/Vanson/VanSon34-QuehuongvungtroikyniemD2DVD9.mp4</link>
<thumbnail>http://media.dangcaphd.com/public/355dc736dd49c49c646b7bb691d6c57b_thumb.PNG</thumbnail>
<title>Vân Sơn 25 - Tập 1</title>
<link>http://server3.dangcaphd.com/p4R4cDQnzcUagcNa/Vanson/VanSon25-HoahauVietNamthegioilanII(InHouston)D1DVD9.mp4</link>
<thumbnail>http://media.dangcaphd.com/public/49ee06217a95df34d3fdb6da59c3bb82_thumb.jpg</thumbnail>
<title>Vân Sơn 25 - Tập 2</title>
<link>http://server3.dangcaphd.com/p4R4cDQnzcUagcNa/Vanson/VanSon25-HoahauVietNamthegioilanII(InHouston)D2DVD9.mp4</link>
<thumbnail>http://media.dangcaphd.com/public/49ee06217a95df34d3fdb6da59c3bb82_thumb.jpg</thumbnail>
<title>Vân Sơn 26 - Tập 1</title>
<link>http://server3.dangcaphd.com/p4R4cDQnzcUagcNa/Vanson/VanSon26-NangLaD1DVD9.mp4</link>
<thumbnail>http://media.dangcaphd.com/public/e3c6110c8f0b9c7ae1e9f94d72a92578_thumb.jpg</thumbnail>
<title>Vân Sơn 26 - Tập 2</title>
<link>http://server3.dangcaphd.com/p4R4cDQnzcUagcNa/Vanson/VanSon26-NangLaD2DVD9.mp4</link>
<thumbnail>http://media.dangcaphd.com/public/e3c6110c8f0b9c7ae1e9f94d72a92578_thumb.jpg</thumbnail>
<title>Vân Sơn 27 - Tập 1</title>
<link>http://server3.dangcaphd.com/p4R4cDQnzcUagcNa/Vanson/VanSon27-inLittleSG_D1.mp4</link>
<thumbnail>http://media.dangcaphd.com/public/188ab6e8efdfca165a6173f4932147c9_thumb.PNG</thumbnail>
<title>Vân Sơn 27 - Tập 2</title>
<link>http://server3.dangcaphd.com/p4R4cDQnzcUagcNa/Vanson/VanSon27-inLittleSG_D2.mp4</link>
<thumbnail>http://media.dangcaphd.com/public/188ab6e8efdfca165a6173f4932147c9_thumb.PNG</thumbnail>
<title>Vân Sơn 28 - Tập 1</title>
<link>http://server3.dangcaphd.com/p4R4cDQnzcUagcNa/Vanson/VanSon28-VanSonInMelbourneD1DVD9.mp4</link>
<thumbnail>http://media.dangcaphd.com/public/fcaaaf316976eae1131214d885a9da30_thumb.jpg</thumbnail>
<title>Vân Sơn 28 - Tập 2</title>
<link>http://server3.dangcaphd.com/p4R4cDQnzcUagcNa/Vanson/VanSon28-VanSonInMelbourneD2DVD9.mp4</link>
<thumbnail>http://media.dangcaphd.com/public/fcaaaf316976eae1131214d885a9da30_thumb.jpg</thumbnail>
<title>Vân Sơn 29 - Tập 1</title>
<link>http://server3.dangcaphd.com/p4R4cDQnzcUagcNa/Vanson/VanSon29-InTokyoD1(DVD5).mp4</link>
<thumbnail>http://media.dangcaphd.com/public/ed8e31856828adf5ee00e7984c8d1766_thumb.jpg</thumbnail>
<title>Vân Sơn 29 - Tập 2</title>
<link>http://server3.dangcaphd.com/p4R4cDQnzcUagcNa/Vanson/VanSon29-InTokyoD2(DVD5).mp4</link>
<thumbnail>http://media.dangcaphd.com/public/ed8e31856828adf5ee00e7984c8d1766_thumb.jpg</thumbnail>
<title>Vân Sơn 30 - Tập 1</title>
<link>http://server3.dangcaphd.com/p4R4cDQnzcUagcNa/Vanson/Van.Son.30.Van.Son.In.Little.Sai.Gon.2.DVD9.Disc1.mp4</link>
<thumbnail>http://media.dangcaphd.com/public/8da7fa251ef556bdd95640fe08fbcc4b_thumb.jpg</thumbnail>
<title>Vân Sơn 30 - Tập 2</title>
<link>http://server3.dangcaphd.com/p4R4cDQnzcUagcNa/Vanson/Van.Son.30.Van.Son.In.Little.Sai.Gon.2.DVD9.Disc2.mp4</link>
<thumbnail>http://media.dangcaphd.com/public/8da7fa251ef556bdd95640fe08fbcc4b_thumb.jpg</thumbnail>
<title>Khách Sạn Bí Ẩn - My Secret Hotel - 2014 (16/16 Tập) - Tập 1</title>
<link>http://server3.dangcaphd.com/p4R4cDQnzcUagcNa/phimbo2014/My.Secret.Hotel.E01/My.Secret.Hotel.E01.mp4</link>
<thumbnail>http://media.dangcaphd.com/public/eb0ecc06638bab9ef392c31f314fb5a3_thumb.jpg</thumbnail>
<title>Khách Sạn Bí Ẩn - My Secret Hotel - 2014 (16/16 Tập) - Tập 2</title>
<link>http://server3.dangcaphd.com/p4R4cDQnzcUagcNa/phimbo2014/My.Secret.Hotel.E01/My.Secret.Hotel.E02.mp4</link>
<thumbnail>http://media.dangcaphd.com/public/eb0ecc06638bab9ef392c31f314fb5a3_thumb.jpg</thumbnail>
<title>Khách Sạn Bí Ẩn - My Secret Hotel - 2014 (16/16 Tập) - Tập 3</title>
<link>http://server3.dangcaphd.com/p4R4cDQnzcUagcNa/phimbo2014/My.Secret.Hotel.E01/My.Secret.Hotel.E03.mp4</link>
<thumbnail>http://media.dangcaphd.com/public/eb0ecc06638bab9ef392c31f314fb5a3_thumb.jpg</thumbnail>
<title>Khách Sạn Bí Ẩn - My Secret Hotel - 2014 (16/16 Tập) - Tập 4</title>
<link>http://server3.dangcaphd.com/p4R4cDQnzcUagcNa/phimbo2014/My.Secret.Hotel.E01/My.Secret.Hotel.E04.mp4</link>
<thumbnail>http://media.dangcaphd.com/public/eb0ecc06638bab9ef392c31f314fb5a3_thumb.jpg</thumbnail>
<title>Khách Sạn Bí Ẩn - My Secret Hotel - 2014 (16/16 Tập) - Tập 5</title>
<link>http://server3.dangcaphd.com/p4R4cDQnzcUagcNa/phimbo2014/My.Secret.Hotel.E01/My.Secret.Hotel.E05.mp4</link>
<thumbnail>http://media.dangcaphd.com/public/eb0ecc06638bab9ef392c31f314fb5a3_thumb.jpg</thumbnail>
<title>Khách Sạn Bí Ẩn - My Secret Hotel - 2014 (16/16 Tập) - Tập 6</title>
<link>http://server3.dangcaphd.com/p4R4cDQnzcUagcNa/phimbo2014/My.Secret.Hotel.E01/My.Secret.Hotel.E06.mp4</link>
<thumbnail>http://media.dangcaphd.com/public/eb0ecc06638bab9ef392c31f314fb5a3_thumb.jpg</thumbnail>
<title>Khách Sạn Bí Ẩn - My Secret Hotel - 2014 (16/16 Tập) - Tập 7</title>
<link>http://server3.dangcaphd.com/p4R4cDQnzcUagcNa/phimbo2014/My.Secret.Hotel.E01/My.Secret.Hotel.E07.mp4</link>
<thumbnail>http://media.dangcaphd.com/public/eb0ecc06638bab9ef392c31f314fb5a3_thumb.jpg</thumbnail>
<title>Khách Sạn Bí Ẩn - My Secret Hotel - 2014 (16/16 Tập) - Tập 8</title>
<link>http://server3.dangcaphd.com/p4R4cDQnzcUagcNa/phimbo2014/My.Secret.Hotel.E01/My.Secret.Hotel.E08.mp4</link>
<thumbnail>http://media.dangcaphd.com/public/eb0ecc06638bab9ef392c31f314fb5a3_thumb.jpg</thumbnail>
<title>Khách Sạn Bí Ẩn - My Secret Hotel - 2014 (16/16 Tập) - Tập 9</title>
<link>http://server3.dangcaphd.com/p4R4cDQnzcUagcNa/phimbo2014/My.Secret.Hotel.E01/My.Secret.Hotel.E09.mp4</link>
<thumbnail>http://media.dangcaphd.com/public/eb0ecc06638bab9ef392c31f314fb5a3_thumb.jpg</thumbnail>
<title>Khách Sạn Bí Ẩn - My Secret Hotel - 2014 (16/16 Tập) - Tập 10</title>
<link>http://server3.dangcaphd.com/p4R4cDQnzcUagcNa/phimbo2014/My.Secret.Hotel.E01/My.Secret.Hotel.E10.mp4</link>
<thumbnail>http://media.dangcaphd.com/public/eb0ecc06638bab9ef392c31f314fb5a3_thumb.jpg</thumbnail>
<title>Khách Sạn Bí Ẩn - My Secret Hotel - 2014 (16/16 Tập) - Tập 11</title>
<link>http://server3.dangcaphd.com/p4R4cDQnzcUagcNa/phimbo2014/My.Secret.Hotel.E01/My.Secret.Hotel.E11.mp4</link>
<thumbnail>http://media.dangcaphd.com/public/eb0ecc06638bab9ef392c31f314fb5a3_thumb.jpg</thumbnail>
<title>Khách Sạn Bí Ẩn - My Secret Hotel - 2014 (16/16 Tập) - Tập 12</title>
<link>http://server3.dangcaphd.com/p4R4cDQnzcUagcNa/phimbo2014/My.Secret.Hotel.E01/My.Secret.Hotel.E12.mp4</link>
<thumbnail>http://media.dangcaphd.com/public/eb0ecc06638bab9ef392c31f314fb5a3_thumb.jpg</thumbnail>
<title>Khách Sạn Bí Ẩn - My Secret Hotel - 2014 (16/16 Tập) - Tập 13</title>
<link>http://server3.dangcaphd.com/p4R4cDQnzcUagcNa/phimbo2014/My.Secret.Hotel.E01/My.Secret.Hotel.E13.mp4</link>
<thumbnail>http://media.dangcaphd.com/public/eb0ecc06638bab9ef392c31f314fb5a3_thumb.jpg</thumbnail>
<title>Khách Sạn Bí Ẩn - My Secret Hotel - 2014 (16/16 Tập) - Tập 14</title>
<link>http://server3.dangcaphd.com/p4R4cDQnzcUagcNa/phimbo2014/My.Secret.Hotel.E01/My.Secret.Hotel.E14.mp4</link>
<thumbnail>http://media.dangcaphd.com/public/eb0ecc06638bab9ef392c31f314fb5a3_thumb.jpg</thumbnail>
<title>Khách Sạn Bí Ẩn - My Secret Hotel - 2014 (16/16 Tập) - Tập 15</title>
<link>http://server3.dangcaphd.com/p4R4cDQnzcUagcNa/phimbo2014/My.Secret.Hotel.E01/My.Secret.Hotel.E15.mp4</link>
<thumbnail>http://media.dangcaphd.com/public/eb0ecc06638bab9ef392c31f314fb5a3_thumb.jpg</thumbnail>
<title>Khách Sạn Bí Ẩn - My Secret Hotel - 2014 (16/16 Tập) - Tập 16</title>
<link>http://server3.dangcaphd.com/p4R4cDQnzcUagcNa/phimbo2014/My.Secret.Hotel.E01/My.Secret.Hotel.E16.END.mp4</link>
<thumbnail>http://media.dangcaphd.com/public/eb0ecc06638bab9ef392c31f314fb5a3_thumb.jpg</thumbnail>
<title>Homeland Season 4 - Tổ Quốc Phần 4 - 2014 (12/12 Tập) - Tập 1</title>
<link>http://server3.dangcaphd.com/p4R4cDQnzcUagcNa/phimbo0710/Homeland.S04/Homeland.S04E01E02.mp4</link>
<thumbnail>http://media.dangcaphd.com/public/af658ec015dfeef64a9e2af0da8e8554_thumb.jpg</thumbnail>
<title>Homeland Season 4 - Tổ Quốc Phần 4 - 2014 (12/12 Tập) - Tập 2</title>
<link>http://server3.dangcaphd.com/p4R4cDQnzcUagcNa/phimbo0710/Homeland.S04/Homeland.S04E03.mp4</link>
<thumbnail>http://media.dangcaphd.com/public/af658ec015dfeef64a9e2af0da8e8554_thumb.jpg</thumbnail>
<title>Homeland Season 4 - Tổ Quốc Phần 4 - 2014 (12/12 Tập) - Tập 3</title>
<link>http://server3.dangcaphd.com/p4R4cDQnzcUagcNa/phimbo0710/Homeland.S04/Homeland.S04E04.mp4</link>
<thumbnail>http://media.dangcaphd.com/public/af658ec015dfeef64a9e2af0da8e8554_thumb.jpg</thumbnail>
<title>Homeland Season 4 - Tổ Quốc Phần 4 - 2014 (12/12 Tập) - Tập 4</title>
<link>http://server3.dangcaphd.com/p4R4cDQnzcUagcNa/phimbo0710/Homeland.S04/Homeland.S04E05.mp4</link>
<thumbnail>http://media.dangcaphd.com/public/af658ec015dfeef64a9e2af0da8e8554_thumb.jpg</thumbnail>
<title>Homeland Season 4 - Tổ Quốc Phần 4 - 2014 (12/12 Tập) - Tập 5</title>
<link>http://server3.dangcaphd.com/p4R4cDQnzcUagcNa/phimbo0710/Homeland.S04/Homeland.S04E06.mp4</link>
<thumbnail>http://media.dangcaphd.com/public/af658ec015dfeef64a9e2af0da8e8554_thumb.jpg</thumbnail>
<title>Homeland Season 4 - Tổ Quốc Phần 4 - 2014 (12/12 Tập) - Tập 6</title>
<link>http://server3.dangcaphd.com/p4R4cDQnzcUagcNa/phimbo0710/Homeland.S04/Homeland.S04E07.mp4</link>
<thumbnail>http://media.dangcaphd.com/public/af658ec015dfeef64a9e2af0da8e8554_thumb.jpg</thumbnail>
<title>Homeland Season 4 - Tổ Quốc Phần 4 - 2014 (12/12 Tập) - Tập 7</title>
<link>http://server3.dangcaphd.com/p4R4cDQnzcUagcNa/phimbo0710/Homeland.S04/Homeland.S04E08.mp4</link>
<thumbnail>http://media.dangcaphd.com/public/af658ec015dfeef64a9e2af0da8e8554_thumb.jpg</thumbnail>
<title>Homeland Season 4 - Tổ Quốc Phần 4 - 2014 (12/12 Tập) - Tập 8</title>
<link>http://server3.dangcaphd.com/p4R4cDQnzcUagcNa/phimbo0710/Homeland.S04/Homeland.S04E09.mp4</link>
<thumbnail>http://media.dangcaphd.com/public/af658ec015dfeef64a9e2af0da8e8554_thumb.jpg</thumbnail>
<title>Homeland Season 4 - Tổ Quốc Phần 4 - 2014 (12/12 Tập) - Tập 9</title>
<link>http://server3.dangcaphd.com/p4R4cDQnzcUagcNa/phimbo0710/Homeland.S04/Homeland.S04E10.mp4</link>
<thumbnail>http://media.dangcaphd.com/public/af658ec015dfeef64a9e2af0da8e8554_thumb.jpg</thumbnail>
<title>Homeland Season 4 - Tổ Quốc Phần 4 - 2014 (12/12 Tập) - Tập 10</title>
<link>http://server3.dangcaphd.com/p4R4cDQnzcUagcNa/phimbo0710/Homeland.S04/Homeland.S04E11.mp4</link>
<thumbnail>http://media.dangcaphd.com/public/af658ec015dfeef64a9e2af0da8e8554_thumb.jpg</thumbnail>
<title>Homeland Season 4 - Tổ Quốc Phần 4 - 2014 (12/12 Tập) - Tập 11</title>
<link>http://server3.dangcaphd.com/p4R4cDQnzcUagcNa/phimbo0710/Homeland.S04/Homeland.S04E12.mp4</link>
<thumbnail>http://media.dangcaphd.com/public/af658ec015dfeef64a9e2af0da8e8554_thumb.jpg</thumbnail>
<title>Sứ Đồ Hành Giả - 2014 - Thuyết Minh (Tập 30) - Tập 1</title>
<link>http://server3.dangcaphd.com/p4R4cDQnzcUagcNa/phimbo2014/SuDoHanhGia(TM)/Su.Do.Hanh.Gia.EP01.mp4</link>
<thumbnail>http://media.dangcaphd.com/public/eac47fd003d39b7ae71b00db7c4e474b_thumb.jpg</thumbnail>
<title>Sứ Đồ Hành Giả - 2014 - Thuyết Minh (Tập 30) - Tập 2</title>
<link>http://server3.dangcaphd.com/p4R4cDQnzcUagcNa/phimbo2014/SuDoHanhGia(TM)/Su.Do.Hanh.Gia.EP02.mp4</link>
<thumbnail>http://media.dangcaphd.com/public/eac47fd003d39b7ae71b00db7c4e474b_thumb.jpg</thumbnail>
<title>Sứ Đồ Hành Giả - 2014 - Thuyết Minh (Tập 30) - Tập 3</title>
<link>http://server3.dangcaphd.com/p4R4cDQnzcUagcNa/phimbo2014/SuDoHanhGia(TM)/Su.Do.Hanh.Gia.EP03.mp4</link>
<thumbnail>http://media.dangcaphd.com/public/eac47fd003d39b7ae71b00db7c4e474b_thumb.jpg</thumbnail>
<title>Sứ Đồ Hành Giả - 2014 - Thuyết Minh (Tập 30) - Tập 4</title>
<link>http://server3.dangcaphd.com/p4R4cDQnzcUagcNa/phimbo2014/SuDoHanhGia(TM)/Su.Do.Hanh.Gia.EP04.mp4</link>
<thumbnail>http://media.dangcaphd.com/public/eac47fd003d39b7ae71b00db7c4e474b_thumb.jpg</thumbnail>
<title>Sứ Đồ Hành Giả - 2014 - Thuyết Minh (Tập 30) - Tập 5</title>
<link>http://server3.dangcaphd.com/p4R4cDQnzcUagcNa/phimbo2014/SuDoHanhGia(TM)/Su.Do.Hanh.Gia.EP05.mp4</link>
<thumbnail>http://media.dangcaphd.com/public/eac47fd003d39b7ae71b00db7c4e474b_thumb.jpg</thumbnail>
<title>Sứ Đồ Hành Giả - 2014 - Thuyết Minh (Tập 30) - Tập 6</title>
<link>http://server3.dangcaphd.com/p4R4cDQnzcUagcNa/phimbo2014/SuDoHanhGia(TM)/Su.Do.Hanh.Gia.EP06.mp4</link>
<thumbnail>http://media.dangcaphd.com/public/eac47fd003d39b7ae71b00db7c4e474b_thumb.jpg</thumbnail>
<title>Sứ Đồ Hành Giả - 2014 - Thuyết Minh (Tập 30) - Tập 7</title>
<link>http://server3.dangcaphd.com/p4R4cDQnzcUagcNa/phimbo2014/SuDoHanhGia(TM)/Su.Do.Hanh.Gia.EP07.mp4</link>
<thumbnail>http://media.dangcaphd.com/public/eac47fd003d39b7ae71b00db7c4e474b_thumb.jpg</thumbnail>
<title>Sứ Đồ Hành Giả - 2014 - Thuyết Minh (Tập 30) - Tập 8</title>
<link>http://server3.dangcaphd.com/p4R4cDQnzcUagcNa/phimbo2014/SuDoHanhGia(TM)/Su.Do.Hanh.Gia.EP08.mp4</link>
<thumbnail>http://media.dangcaphd.com/public/eac47fd003d39b7ae71b00db7c4e474b_thumb.jpg</thumbnail>
<title>Sứ Đồ Hành Giả - 2014 - Thuyết Minh (Tập 30) - Tập 9</title>
<link>http://server3.dangcaphd.com/p4R4cDQnzcUagcNa/phimbo2014/SuDoHanhGia(TM)/Su.Do.Hanh.Gia.EP09.mp4</link>
<thumbnail>http://media.dangcaphd.com/public/eac47fd003d39b7ae71b00db7c4e474b_thumb.jpg</thumbnail>
<title>Sứ Đồ Hành Giả - 2014 - Thuyết Minh (Tập 30) - Tập 10</title>
<link>http://server3.dangcaphd.com/p4R4cDQnzcUagcNa/phimbo2014/SuDoHanhGia(TM)/Su.Do.Hanh.Gia.EP10.mp4</link>
<thumbnail>http://media.dangcaphd.com/public/eac47fd003d39b7ae71b00db7c4e474b_thumb.jpg</thumbnail>
<title>Sứ Đồ Hành Giả - 2014 - Thuyết Minh (Tập 30) - Tập 11</title>
<link>http://server3.dangcaphd.com/p4R4cDQnzcUagcNa/phimbo2014/SuDoHanhGia(TM)/Su.Do.Hanh.Gia.EP11.mp4</link>
<thumbnail>http://media.dangcaphd.com/public/eac47fd003d39b7ae71b00db7c4e474b_thumb.jpg</thumbnail>
<title>Sứ Đồ Hành Giả - 2014 - Thuyết Minh (Tập 30) - Tập 12</title>
<link>http://server3.dangcaphd.com/p4R4cDQnzcUagcNa/phimbo2014/SuDoHanhGia(TM)/Su.Do.Hanh.Gia.EP12.mp4</link>
<thumbnail>http://media.dangcaphd.com/public/eac47fd003d39b7ae71b00db7c4e474b_thumb.jpg</thumbnail>
<title>Sứ Đồ Hành Giả - 2014 - Thuyết Minh (Tập 30) - Tập 13</title>
<link>http://server3.dangcaphd.com/p4R4cDQnzcUagcNa/phimbo2014/SuDoHanhGia(TM)/Su.Do.Hanh.Gia.EP13.mp4</link>
<thumbnail>http://media.dangcaphd.com/public/eac47fd003d39b7ae71b00db7c4e474b_thumb.jpg</thumbnail>
<title>Sứ Đồ Hành Giả - 2014 - Thuyết Minh (Tập 30) - Tập 14</title>
<link>http://server3.dangcaphd.com/p4R4cDQnzcUagcNa/phimbo2014/SuDoHanhGia(TM)/Su.Do.Hanh.Gia.EP15.mp4</link>
<thumbnail>http://media.dangcaphd.com/public/eac47fd003d39b7ae71b00db7c4e474b_thumb.jpg</thumbnail>
<title>Sứ Đồ Hành Giả - 2014 - Thuyết Minh (Tập 30) - Tập 15</title>
<link>http://server3.dangcaphd.com/p4R4cDQnzcUagcNa/phimbo2014/SuDoHanhGia(TM)/Su.Do.Hanh.Gia.EP15.mp4</link>
<thumbnail>http://media.dangcaphd.com/public/eac47fd003d39b7ae71b00db7c4e474b_thumb.jpg</thumbnail>
<title>Sứ Đồ Hành Giả - 2014 - Thuyết Minh (Tập 30) - Tập 16</title>
<link>http://server3.dangcaphd.com/p4R4cDQnzcUagcNa/phimbo2014/SuDoHanhGia(TM)/Su.Do.Hanh.Gia.EP16.mp4</link>
<thumbnail>http://media.dangcaphd.com/public/eac47fd003d39b7ae71b00db7c4e474b_thumb.jpg</thumbnail>
<title>Sứ Đồ Hành Giả - 2014 - Thuyết Minh (Tập 30) - Tập 17</title>
<link>http://server3.dangcaphd.com/p4R4cDQnzcUagcNa/phimbo2014/SuDoHanhGia(TM)/Su.Do.Hanh.Gia.EP17.mp4</link>
<thumbnail>http://media.dangcaphd.com/public/eac47fd003d39b7ae71b00db7c4e474b_thumb.jpg</thumbnail>
<title>Sứ Đồ Hành Giả - 2014 - Thuyết Minh (Tập 30) - Tập 18</title>
<link>http://server3.dangcaphd.com/p4R4cDQnzcUagcNa/phimbo2014/SuDoHanhGia(TM)/Su.Do.Hanh.Gia.EP18.mp4</link>
<thumbnail>http://media.dangcaphd.com/public/eac47fd003d39b7ae71b00db7c4e474b_thumb.jpg</thumbnail>
<title>Sứ Đồ Hành Giả - 2014 - Thuyết Minh (Tập 30) - Tập 19</title>
<link>http://server3.dangcaphd.com/p4R4cDQnzcUagcNa/phimbo2014/SuDoHanhGia(TM)/Su.Do.Hanh.Gia.EP19.mp4</link>
<thumbnail>http://media.dangcaphd.com/public/eac47fd003d39b7ae71b00db7c4e474b_thumb.jpg</thumbnail>
<title>Sứ Đồ Hành Giả - 2014 - Thuyết Minh (Tập 30) - Tập 20</title>
<link>http://server3.dangcaphd.com/p4R4cDQnzcUagcNa/phimbo2014/SuDoHanhGia(TM)/Su.Do.Hanh.Gia.EP20.mp4</link>
<thumbnail>http://media.dangcaphd.com/public/eac47fd003d39b7ae71b00db7c4e474b_thumb.jpg</thumbnail>
<title>Sứ Đồ Hành Giả - 2014 - Thuyết Minh (Tập 30) - Tập 21</title>
<link>http://server3.dangcaphd.com/p4R4cDQnzcUagcNa/phimbo2014/SuDoHanhGia(TM)/Su.Do.Hanh.Gia.EP21.mp4</link>
<thumbnail>http://media.dangcaphd.com/public/eac47fd003d39b7ae71b00db7c4e474b_thumb.jpg</thumbnail>
<title>Sứ Đồ Hành Giả - 2014 - Thuyết Minh (Tập 30) - Tập 22</title>
<link>http://server3.dangcaphd.com/p4R4cDQnzcUagcNa/phimbo2014/SuDoHanhGia(TM)/Su.Do.Hanh.Gia.EP22.mp4</link>
<thumbnail>http://media.dangcaphd.com/public/eac47fd003d39b7ae71b00db7c4e474b_thumb.jpg</thumbnail>
<title>Sứ Đồ Hành Giả - 2014 - Thuyết Minh (Tập 30) - Tập 23</title>
<link>http://server3.dangcaphd.com/p4R4cDQnzcUagcNa/phimbo2014/SuDoHanhGia(TM)/Su.Do.Hanh.Gia.EP23.mp4</link>
<thumbnail>http://media.dangcaphd.com/public/eac47fd003d39b7ae71b00db7c4e474b_thumb.jpg</thumbnail>
<title>Sứ Đồ Hành Giả - 2014 - Thuyết Minh (Tập 30) - Tập 24</title>
<link>http://server3.dangcaphd.com/p4R4cDQnzcUagcNa/phimbo2014/SuDoHanhGia(TM)/Su.Do.Hanh.Gia.EP24.mp4</link>
<thumbnail>http://media.dangcaphd.com/public/eac47fd003d39b7ae71b00db7c4e474b_thumb.jpg</thumbnail>
<title>Sứ Đồ Hành Giả - 2014 - Thuyết Minh (Tập 30) - Tập 25</title>
<link>http://server3.dangcaphd.com/p4R4cDQnzcUagcNa/phimbo2014/SuDoHanhGia(TM)/Su.Do.Hanh.Gia.EP25.mp4</link>
<thumbnail>http://media.dangcaphd.com/public/eac47fd003d39b7ae71b00db7c4e474b_thumb.jpg</thumbnail>
<title>Sứ Đồ Hành Giả - 2014 - Thuyết Minh (Tập 30) - Tập 26</title>
<link>http://server3.dangcaphd.com/p4R4cDQnzcUagcNa/phimbo2014/SuDoHanhGia(TM)/Su.Do.Hanh.Gia.EP26.mp4</link>
<thumbnail>http://media.dangcaphd.com/public/eac47fd003d39b7ae71b00db7c4e474b_thumb.jpg</thumbnail>
<title>Sứ Đồ Hành Giả - 2014 - Thuyết Minh (Tập 30) - Tập 27</title>
<link>http://server3.dangcaphd.com/p4R4cDQnzcUagcNa/phimbo2014/SuDoHanhGia(TM)/Su.Do.Hanh.Gia.EP27.mp4</link>
<thumbnail>http://media.dangcaphd.com/public/eac47fd003d39b7ae71b00db7c4e474b_thumb.jpg</thumbnail>
<title>Sứ Đồ Hành Giả - 2014 - Thuyết Minh (Tập 30) - Tập 28</title>
<link>http://server3.dangcaphd.com/p4R4cDQnzcUagcNa/phimbo2014/SuDoHanhGia(TM)/Su.Do.Hanh.Gia.EP28.mp4</link>
<thumbnail>http://media.dangcaphd.com/public/eac47fd003d39b7ae71b00db7c4e474b_thumb.jpg</thumbnail>
<title>Sứ Đồ Hành Giả - 2014 - Thuyết Minh (Tập 30) - Tập 29</title>
<link>http://server3.dangcaphd.com/p4R4cDQnzcUagcNa/phimbo2014/SuDoHanhGia(TM)/Su.Do.Hanh.Gia.EP29.mp4</link>
<thumbnail>http://media.dangcaphd.com/public/eac47fd003d39b7ae71b00db7c4e474b_thumb.jpg</thumbnail>
<title>Sứ Đồ Hành Giả - 2014 - Thuyết Minh (Tập 30) - Tập 30</title>
<link>http://server3.dangcaphd.com/p4R4cDQnzcUagcNa/phimbo2014/SuDoHanhGia(TM)/Su.Do.Hanh.Gia.EP30.mp4</link>
<thumbnail>http://media.dangcaphd.com/public/eac47fd003d39b7ae71b00db7c4e474b_thumb.jpg</thumbnail>
<title>Forever Us Season 1 - Anh Chàng Bất Tử Phần 1 - 2014 (Tập 22/22) - Tập 1</title>
<link>http://server3.dangcaphd.com/p4R4cDQnzcUagcNa/phimbo0710/Forever.2014.S01/Forever.2014.S01E01.mp4</link>
<thumbnail>http://media.dangcaphd.com/public/f6e428a3f5f356a781580bf6b0314a03_thumb.jpg</thumbnail>
<title>Forever Us Season 1 - Anh Chàng Bất Tử Phần 1 - 2014 (Tập 22/22) - Tập 2</title>
<link>http://server3.dangcaphd.com/p4R4cDQnzcUagcNa/phimbo0710/Forever.2014.S01/Forever.2014.S01E02.mp4</link>
<thumbnail>http://media.dangcaphd.com/public/f6e428a3f5f356a781580bf6b0314a03_thumb.jpg</thumbnail>
<title>Forever Us Season 1 - Anh Chàng Bất Tử Phần 1 - 2014 (Tập 22/22) - Tập 3</title>
<link>http://server3.dangcaphd.com/p4R4cDQnzcUagcNa/phimbo0710/Forever.2014.S01/Forever.US.S01E03.mp4</link>
<thumbnail>http://media.dangcaphd.com/public/f6e428a3f5f356a781580bf6b0314a03_thumb.jpg</thumbnail>
<title>Forever Us Season 1 - Anh Chàng Bất Tử Phần 1 - 2014 (Tập 22/22) - Tập 4</title>
<link>http://server3.dangcaphd.com/p4R4cDQnzcUagcNa/phimbo0710/Forever.2014.S01/Forever.US.S01E04.mp4</link>
<thumbnail>http://media.dangcaphd.com/public/f6e428a3f5f356a781580bf6b0314a03_thumb.jpg</thumbnail>
<title>Forever Us Season 1 - Anh Chàng Bất Tử Phần 1 - 2014 (Tập 22/22) - Tập 5</title>
<link>http://server3.dangcaphd.com/p4R4cDQnzcUagcNa/phimbo0710/Forever.2014.S01/Forever.US.S01E05.mp4</link>
<thumbnail>http://media.dangcaphd.com/public/f6e428a3f5f356a781580bf6b0314a03_thumb.jpg</thumbnail>
<title>Forever Us Season 1 - Anh Chàng Bất Tử Phần 1 - 2014 (Tập 22/22) - Tập 6</title>
<link>http://server3.dangcaphd.com/p4R4cDQnzcUagcNa/phimbo0710/Forever.2014.S01/Forever.US.S01E06.mp4</link>
<thumbnail>http://media.dangcaphd.com/public/f6e428a3f5f356a781580bf6b0314a03_thumb.jpg</thumbnail>
<title>Forever Us Season 1 - Anh Chàng Bất Tử Phần 1 - 2014 (Tập 22/22) - Tập 7</title>
<link>http://server3.dangcaphd.com/p4R4cDQnzcUagcNa/phimbo0710/Forever.2014.S01/Forever.US.S01E07.mp4</link>
<thumbnail>http://media.dangcaphd.com/public/f6e428a3f5f356a781580bf6b0314a03_thumb.jpg</thumbnail>
<title>Forever Us Season 1 - Anh Chàng Bất Tử Phần 1 - 2014 (Tập 22/22) - Tập 8</title>
<link>http://server3.dangcaphd.com/p4R4cDQnzcUagcNa/phimbo0710/Forever.2014.S01/Forever.US.S01E08.mp4</link>
<thumbnail>http://media.dangcaphd.com/public/f6e428a3f5f356a781580bf6b0314a03_thumb.jpg</thumbnail>
<title>Forever Us Season 1 - Anh Chàng Bất Tử Phần 1 - 2014 (Tập 22/22) - Tập 9</title>
<link>http://server3.dangcaphd.com/p4R4cDQnzcUagcNa/phimbo0710/Forever.2014.S01/Forever.US.S01E09.mp4</link>
<thumbnail>http://media.dangcaphd.com/public/f6e428a3f5f356a781580bf6b0314a03_thumb.jpg</thumbnail>
<title>Forever Us Season 1 - Anh Chàng Bất Tử Phần 1 - 2014 (Tập 22/22) - Tập 10</title>
<link>http://server3.dangcaphd.com/p4R4cDQnzcUagcNa/phimbo0710/Forever.2014.S01/Forever.US.S01E10.mp4</link>
<thumbnail>http://media.dangcaphd.com/public/f6e428a3f5f356a781580bf6b0314a03_thumb.jpg</thumbnail>
<title>Forever Us Season 1 - Anh Chàng Bất Tử Phần 1 - 2014 (Tập 22/22) - Tập 11</title>
<link>http://server3.dangcaphd.com/p4R4cDQnzcUagcNa/phimbo0710/Forever.2014.S01/Forever.US.S01E11.mp4</link>
<thumbnail>http://media.dangcaphd.com/public/f6e428a3f5f356a781580bf6b0314a03_thumb.jpg</thumbnail>
<title>Forever Us Season 1 - Anh Chàng Bất Tử Phần 1 - 2014 (Tập 22/22) - Tập 12</title>
<link>http://server3.dangcaphd.com/p4R4cDQnzcUagcNa/phimbo0710/Forever.2014.S01/Forever.Us.S01.E12-fix.mp4</link>
<thumbnail>http://media.dangcaphd.com/public/f6e428a3f5f356a781580bf6b0314a03_thumb.jpg</thumbnail>
<title>Forever Us Season 1 - Anh Chàng Bất Tử Phần 1 - 2014 (Tập 22/22) - Tập 13</title>
<link>http://server3.dangcaphd.com/p4R4cDQnzcUagcNa/phimbo0710/Forever.2014.S01/Forever.US.S01E13.mp4</link>
<thumbnail>http://media.dangcaphd.com/public/f6e428a3f5f356a781580bf6b0314a03_thumb.jpg</thumbnail>
<title>Forever Us Season 1 - Anh Chàng Bất Tử Phần 1 - 2014 (Tập 22/22) - Tập 14</title>
<link>http://server3.dangcaphd.com/p4R4cDQnzcUagcNa/phimbo0710/Forever.2014.S01/Forever.US.S01E14.mp4</link>
<thumbnail>http://media.dangcaphd.com/public/f6e428a3f5f356a781580bf6b0314a03_thumb.jpg</thumbnail>
<title>Forever Us Season 1 - Anh Chàng Bất Tử Phần 1 - 2014 (Tập 22/22) - Tập 15</title>
<link>http://server3.dangcaphd.com/p4R4cDQnzcUagcNa/phimbo0710/Forever.2014.S01/Forever.US.S01E15.mp4</link>
<thumbnail>http://media.dangcaphd.com/public/f6e428a3f5f356a781580bf6b0314a03_thumb.jpg</thumbnail>
<title>Forever Us Season 1 - Anh Chàng Bất Tử Phần 1 - 2014 (Tập 22/22) - Tập 16</title>
<link>http://server3.dangcaphd.com/p4R4cDQnzcUagcNa/phimbo0710/Forever.2014.S01/Forever.US.S01E16.mp4</link>
<thumbnail>http://media.dangcaphd.com/public/f6e428a3f5f356a781580bf6b0314a03_thumb.jpg</thumbnail>
<title>Forever Us Season 1 - Anh Chàng Bất Tử Phần 1 - 2014 (Tập 22/22) - Tập 17</title>
<link>http://server3.dangcaphd.com/p4R4cDQnzcUagcNa/phimbo0710/Forever.2014.S01/Forever.US.S01E17.mp4</link>
<thumbnail>http://media.dangcaphd.com/public/f6e428a3f5f356a781580bf6b0314a03_thumb.jpg</thumbnail>
<title>Forever Us Season 1 - Anh Chàng Bất Tử Phần 1 - 2014 (Tập 22/22) - Tập 18</title>
<link>http://server3.dangcaphd.com/p4R4cDQnzcUagcNa/phimbo0710/Forever.2014.S01/Forever.US.S01E18.mp4</link>
<thumbnail>http://media.dangcaphd.com/public/f6e428a3f5f356a781580bf6b0314a03_thumb.jpg</thumbnail>
<title>Forever Us Season 1 - Anh Chàng Bất Tử Phần 1 - 2014 (Tập 22/22) - Tập 19</title>
<link>http://server3.dangcaphd.com/p4R4cDQnzcUagcNa/phimbo0710/Forever.2014.S01/Forever.US.S01E19.mp4</link>
<thumbnail>http://media.dangcaphd.com/public/f6e428a3f5f356a781580bf6b0314a03_thumb.jpg</thumbnail>
<title>Forever Us Season 1 - Anh Chàng Bất Tử Phần 1 - 2014 (Tập 22/22) - Tập 20</title>
<link>http://server3.dangcaphd.com/p4R4cDQnzcUagcNa/phimbo0710/Forever.2014.S01/Forever.US.S01E20.mp4</link>
<thumbnail>http://media.dangcaphd.com/public/f6e428a3f5f356a781580bf6b0314a03_thumb.jpg</thumbnail>
<title>Forever Us Season 1 - Anh Chàng Bất Tử Phần 1 - 2014 (Tập 22/22) - Tập 21</title>
<link>http://server3.dangcaphd.com/p4R4cDQnzcUagcNa/phimbo0710/Forever.2014.S01/Forever.US.S01E21.mp4</link>
<thumbnail>http://media.dangcaphd.com/public/f6e428a3f5f356a781580bf6b0314a03_thumb.jpg</thumbnail>
<title>Forever Us Season 1 - Anh Chàng Bất Tử Phần 1 - 2014 (Tập 22/22) - Tập 22</title>
<link>http://server3.dangcaphd.com/p4R4cDQnzcUagcNa/phimbo0710/Forever.2014.S01/Forever.US.S01E22.mp4</link>
<thumbnail>http://media.dangcaphd.com/public/f6e428a3f5f356a781580bf6b0314a03_thumb.jpg</thumbnail>
<title>Resurrection Us Season 2 - Hồi Sinh Phần 2 - 2014 (13/13 Tập) - Tập 1</title>
<link>http://server3.dangcaphd.com/p4R4cDQnzcUagcNa/phimbo0710/Resurrection.US.S02/Resurrection.US.S02E01.mp4</link>
<thumbnail>http://media.dangcaphd.com/public/0d73d629e44c8923e21e50bf67e74608_thumb.jpg</thumbnail>
<title>Resurrection Us Season 2 - Hồi Sinh Phần 2 - 2014 (13/13 Tập) - Tập 2</title>
<link>http://server3.dangcaphd.com/p4R4cDQnzcUagcNa/phimbo0710/Resurrection.US.S02/Resurrection.US.S02E02.mp4</link>
<thumbnail>http://media.dangcaphd.com/public/0d73d629e44c8923e21e50bf67e74608_thumb.jpg</thumbnail>
<title>Resurrection Us Season 2 - Hồi Sinh Phần 2 - 2014 (13/13 Tập) - Tập 3</title>
<link>http://server3.dangcaphd.com/p4R4cDQnzcUagcNa/phimbo0710/Resurrection.US.S02/Resurrection.US.S02E03.mp4</link>
<thumbnail>http://media.dangcaphd.com/public/0d73d629e44c8923e21e50bf67e74608_thumb.jpg</thumbnail>
<title>Resurrection Us Season 2 - Hồi Sinh Phần 2 - 2014 (13/13 Tập) - Tập 4</title>
<link>http://server3.dangcaphd.com/p4R4cDQnzcUagcNa/phimbo0710/Resurrection.US.S02/Resurrection.US.S02E04.mp4</link>
<thumbnail>http://media.dangcaphd.com/public/0d73d629e44c8923e21e50bf67e74608_thumb.jpg</thumbnail>
<title>Resurrection Us Season 2 - Hồi Sinh Phần 2 - 2014 (13/13 Tập) - Tập 5</title>
<link>http://server3.dangcaphd.com/p4R4cDQnzcUagcNa/phimbo0710/Resurrection.US.S02/Resurrection.US.S02E05.mp4</link>
<thumbnail>http://media.dangcaphd.com/public/0d73d629e44c8923e21e50bf67e74608_thumb.jpg</thumbnail>
<title>Resurrection Us Season 2 - Hồi Sinh Phần 2 - 2014 (13/13 Tập) - Tập 6</title>
<link>http://server3.dangcaphd.com/p4R4cDQnzcUagcNa/phimbo0710/Resurrection.US.S02/Resurrection.US.S02E06.mp4</link>
<thumbnail>http://media.dangcaphd.com/public/0d73d629e44c8923e21e50bf67e74608_thumb.jpg</thumbnail>
<title>Resurrection Us Season 2 - Hồi Sinh Phần 2 - 2014 (13/13 Tập) - Tập 7</title>
<link>http://server3.dangcaphd.com/p4R4cDQnzcUagcNa/phimbo0710/Resurrection.US.S02/Resurrection.US.S02E07.mp4</link>
<thumbnail>http://media.dangcaphd.com/public/0d73d629e44c8923e21e50bf67e74608_thumb.jpg</thumbnail>
<title>Resurrection Us Season 2 - Hồi Sinh Phần 2 - 2014 (13/13 Tập) - Tập 8</title>
<link>http://server3.dangcaphd.com/p4R4cDQnzcUagcNa/phimbo0710/Resurrection.US.S02/Resurrection.US.S02E08.mp4</link>
<thumbnail>http://media.dangcaphd.com/public/0d73d629e44c8923e21e50bf67e74608_thumb.jpg</thumbnail>
<title>Resurrection Us Season 2 - Hồi Sinh Phần 2 - 2014 (13/13 Tập) - Tập 9</title>
<link>http://server3.dangcaphd.com/p4R4cDQnzcUagcNa/phimbo0710/Resurrection.US.S02/Resurrection.US.S02E09.mp4</link>
<thumbnail>http://media.dangcaphd.com/public/0d73d629e44c8923e21e50bf67e74608_thumb.jpg</thumbnail>
<title>Resurrection Us Season 2 - Hồi Sinh Phần 2 - 2014 (13/13 Tập) - Tập 10</title>
<link>http://server3.dangcaphd.com/p4R4cDQnzcUagcNa/phimbo0710/Resurrection.US.S02/Resurrection.US.S02E10.mp4</link>
<thumbnail>http://media.dangcaphd.com/public/0d73d629e44c8923e21e50bf67e74608_thumb.jpg</thumbnail>
<title>Resurrection Us Season 2 - Hồi Sinh Phần 2 - 2014 (13/13 Tập) - Tập 11</title>
<link>http://server3.dangcaphd.com/p4R4cDQnzcUagcNa/phimbo0710/Resurrection.US.S02/Resurrection.S02E11.fix.mp4</link>
<thumbnail>http://media.dangcaphd.com/public/0d73d629e44c8923e21e50bf67e74608_thumb.jpg</thumbnail>
<title>Resurrection Us Season 2 - Hồi Sinh Phần 2 - 2014 (13/13 Tập) - Tập 12</title>
<link>http://server3.dangcaphd.com/p4R4cDQnzcUagcNa/phimbo0710/Resurrection.US.S02/Resurrection.US.S02E12.mp4</link>
<thumbnail>http://media.dangcaphd.com/public/0d73d629e44c8923e21e50bf67e74608_thumb.jpg</thumbnail>
<title>Resurrection Us Season 2 - Hồi Sinh Phần 2 - 2014 (13/13 Tập) - Tập 13</title>
<link>http://server3.dangcaphd.com/p4R4cDQnzcUagcNa/phimbo0710/Resurrection.US.S02/Resurrection.US.S02E13.mp4</link>
<thumbnail>http://media.dangcaphd.com/public/0d73d629e44c8923e21e50bf67e74608_thumb.jpg</thumbnail>
<title>Reign Season 2 - Bí Mật Vương Triều Phần 2 - 2014 (17/22 Tập) - Tập 1</title>
<link>http://server3.dangcaphd.com/p4R4cDQnzcUagcNa/phimbo0710/reign.s02/reign.s02e01.mp4</link>
<thumbnail>http://media.dangcaphd.com/public/b229809a8ccc2dd79338d9ab2f0dd366_thumb.jpg</thumbnail>
<title>Reign Season 2 - Bí Mật Vương Triều Phần 2 - 2014 (17/22 Tập) - Tập 2</title>
<link>http://server3.dangcaphd.com/p4R4cDQnzcUagcNa/phimbo0710/reign.s02/reign.s02e02.mp4</link>
<thumbnail>http://media.dangcaphd.com/public/b229809a8ccc2dd79338d9ab2f0dd366_thumb.jpg</thumbnail>
<title>Reign Season 2 - Bí Mật Vương Triều Phần 2 - 2014 (17/22 Tập) - Tập 3</title>
<link>http://server3.dangcaphd.com/p4R4cDQnzcUagcNa/phimbo0710/reign.s02/reign.s02e03.mp4</link>
<thumbnail>http://media.dangcaphd.com/public/b229809a8ccc2dd79338d9ab2f0dd366_thumb.jpg</thumbnail>
<title>Reign Season 2 - Bí Mật Vương Triều Phần 2 - 2014 (17/22 Tập) - Tập 4</title>
<link>http://server3.dangcaphd.com/p4R4cDQnzcUagcNa/phimbo0710/reign.s02/reign.s02e04.mp4</link>
<thumbnail>http://media.dangcaphd.com/public/b229809a8ccc2dd79338d9ab2f0dd366_thumb.jpg</thumbnail>
<title>Reign Season 2 - Bí Mật Vương Triều Phần 2 - 2014 (17/22 Tập) - Tập 5</title>
<link>http://server3.dangcaphd.com/p4R4cDQnzcUagcNa/phimbo0710/reign.s02/reign.s02e05.mp4</link>
<thumbnail>http://media.dangcaphd.com/public/b229809a8ccc2dd79338d9ab2f0dd366_thumb.jpg</thumbnail>
<title>Reign Season 2 - Bí Mật Vương Triều Phần 2 - 2014 (17/22 Tập) - Tập 6</title>
<link>http://server3.dangcaphd.com/p4R4cDQnzcUagcNa/phimbo0710/reign.s02/reign.s02e06.mp4</link>
<thumbnail>http://media.dangcaphd.com/public/b229809a8ccc2dd79338d9ab2f0dd366_thumb.jpg</thumbnail>
<title>Reign Season 2 - Bí Mật Vương Triều Phần 2 - 2014 (17/22 Tập) - Tập 7</title>
<link>http://server3.dangcaphd.com/p4R4cDQnzcUagcNa/phimbo0710/reign.s02/Reign.S02E07.mp4</link>
<thumbnail>http://media.dangcaphd.com/public/b229809a8ccc2dd79338d9ab2f0dd366_thumb.jpg</thumbnail>
<title>Reign Season 2 - Bí Mật Vương Triều Phần 2 - 2014 (17/22 Tập) - Tập 8</title>
<link>http://server3.dangcaphd.com/p4R4cDQnzcUagcNa/phimbo0710/reign.s02/reign.s02e08.mp4</link>
<thumbnail>http://media.dangcaphd.com/public/b229809a8ccc2dd79338d9ab2f0dd366_thumb.jpg</thumbnail>
<title>Reign Season 2 - Bí Mật Vương Triều Phần 2 - 2014 (17/22 Tập) - Tập 9</title>
<link>http://server3.dangcaphd.com/p4R4cDQnzcUagcNa/phimbo0710/reign.s02/Reign.S02E09.mp4</link>
<thumbnail>http://media.dangcaphd.com/public/b229809a8ccc2dd79338d9ab2f0dd366_thumb.jpg</thumbnail>
<title>Reign Season 2 - Bí Mật Vương Triều Phần 2 - 2014 (17/22 Tập) - Tập 10</title>
<link>http://server3.dangcaphd.com/p4R4cDQnzcUagcNa/phimbo0710/reign.s02/Reign.S02E10.mp4</link>
<thumbnail>http://media.dangcaphd.com/public/b229809a8ccc2dd79338d9ab2f0dd366_thumb.jpg</thumbnail>
<title>Reign Season 2 - Bí Mật Vương Triều Phần 2 - 2014 (17/22 Tập) - Tập 11</title>
<link>http://server3.dangcaphd.com/p4R4cDQnzcUagcNa/phimbo0710/reign.s02/Reign.S02E11.mp4</link>
<thumbnail>http://media.dangcaphd.com/public/b229809a8ccc2dd79338d9ab2f0dd366_thumb.jpg</thumbnail>
<title>Reign Season 2 - Bí Mật Vương Triều Phần 2 - 2014 (17/22 Tập) - Tập 12</title>
<link>http://server3.dangcaphd.com/p4R4cDQnzcUagcNa/phimbo0710/reign.s02/Reign.S02E12.mp4</link>
<thumbnail>http://media.dangcaphd.com/public/b229809a8ccc2dd79338d9ab2f0dd366_thumb.jpg</thumbnail>
<title>Reign Season 2 - Bí Mật Vương Triều Phần 2 - 2014 (17/22 Tập) - Tập 13</title>
<link>http://server3.dangcaphd.com/p4R4cDQnzcUagcNa/phimbo0710/reign.s02/Reign.S02E13.mp4</link>
<thumbnail>http://media.dangcaphd.com/public/b229809a8ccc2dd79338d9ab2f0dd366_thumb.jpg</thumbnail>
<title>Reign Season 2 - Bí Mật Vương Triều Phần 2 - 2014 (17/22 Tập) - Tập 14</title>
<link>http://server3.dangcaphd.com/p4R4cDQnzcUagcNa/phimbo0710/reign.s02/Reign.S02E14.mp4</link>
<thumbnail>http://media.dangcaphd.com/public/b229809a8ccc2dd79338d9ab2f0dd366_thumb.jpg</thumbnail>
<title>Reign Season 2 - Bí Mật Vương Triều Phần 2 - 2014 (17/22 Tập) - Tập 15</title>
<link>http://server3.dangcaphd.com/p4R4cDQnzcUagcNa/phimbo0710/reign.s02/Reign.S02E15.mp4</link>
<thumbnail>http://media.dangcaphd.com/public/b229809a8ccc2dd79338d9ab2f0dd366_thumb.jpg</thumbnail>
<title>Reign Season 2 - Bí Mật Vương Triều Phần 2 - 2014 (17/22 Tập) - Tập 16</title>
<link>http://server3.dangcaphd.com/p4R4cDQnzcUagcNa/phimbo0710/reign.s02/Reign.S02E16.mp4</link>
<thumbnail>http://media.dangcaphd.com/public/b229809a8ccc2dd79338d9ab2f0dd366_thumb.jpg</thumbnail>
<title>Reign Season 2 - Bí Mật Vương Triều Phần 2 - 2014 (17/22 Tập) - Tập 17</title>
<link>http://server3.dangcaphd.com/p4R4cDQnzcUagcNa/phimbo0710/reign.s02/Reign.S02E17.mp4</link>
<thumbnail>http://media.dangcaphd.com/public/b229809a8ccc2dd79338d9ab2f0dd366_thumb.jpg</thumbnail>
<title>The Knick: Season 1 - Bệnh Viện Knick: Phần 1 - 2014 (01/10 Tập) - Tập 1</title>
<link>http://server3.dangcaphd.com/p4R4cDQnzcUagcNa/phimbo0710/The.Knick.S01/The.Knick.S01E01.mp4</link>
<thumbnail>http://media.dangcaphd.com/public/e3dac3f43a89c7e207085749b922090c_thumb.jpg</thumbnail>
<title>Paris By Night 82 - Tập 1</title>
<link>http://server3.dangcaphd.com/p4R4cDQnzcUagcNa/ThuyNga/Thuy.Nga.82.Tieu.Vuong.Hoi.Disk1.mp4</link>
<thumbnail>http://media.dangcaphd.com/public/04f660034150ed4486c0ad9d9f730ab0_thumb.jpg</thumbnail>
<title>Paris By Night 82 - Tập 2</title>
<link>http://server3.dangcaphd.com/p4R4cDQnzcUagcNa/ThuyNga/Thuy.Nga.82.Tieu.Vuong.Hoi.Disk2.mp4</link>
<thumbnail>http://media.dangcaphd.com/public/04f660034150ed4486c0ad9d9f730ab0_thumb.jpg</thumbnail>
</stream>




